project,dataset,taxonomy,counts
DAH_CF_ITS,204A_18S_bar741,Eukarya;Fungi_Ascomycota;Saccharomycetes;Saccharomycetales;Family_NA;Candida,1930
DAH_CF_ITS,204A_18S_bar741,Eukarya;Fungi_Ascomycota;Saccharomycetes;Saccharomycetales;Family_NA;Candida;africana,55
DAH_CF_ITS,204A_18S_bar741,Eukarya;Fungi_Ascomycota;Saccharomycetes;Saccharomycetales;Family_NA;Candida;albicans,53
DAH_CF_ITS,204A_18S_bar741,Eukarya;Fungi_Ascomycota;Saccharomycetes;Saccharomycetales;Family_NA;Candida;parapsilosis,1
DAH_CF_ITS,204A_18S_bar741,Eukarya;Fungi_Basidiomycota;Tremellomycetes;Tremellales;Trichosporonaceae;Trichosporon;loubieri,1548
DAH_CF_ITS,204A_18S_bar741,Unknown,373
DAH_CF_ITS,5_18S_bar560,Eukarya;Fungi_Ascomycota;Eurotiomycetes;Chaetothyriales;Herpotrichiellaceae;Exophiala;dermatitidis,2
DAH_CF_ITS,5_18S_bar560,Eukarya;Fungi_Ascomycota;Saccharomycetes;Saccharomycetales;Family_NA;Candida,3
DAH_CF_ITS,5_18S_bar560,Eukarya;Fungi_Basidiomycota,3
DAH_CF_ITS,5_18S_bar560,Eukarya;Fungi_Basidiomycota;Class_NA;Order_NA;Family_NA;Genus_NA;unculturedBasidiomycota,1
DAH_CF_ITS,5_18S_bar560,Eukarya;Fungi_Basidiomycota;Tremellomycetes,1
DAH_CF_ITS,5_18S_bar560,Eukarya;Fungi_Basidiomycota;Tremellomycetes;Tremellales;Trichosporonaceae;Trichosporon;loubieri,5784
DAH_CF_ITS,5_18S_bar560,Eukarya;Fungi_Basidiomycota;Tremellomycetes;Tremellales;Trichosporonaceae;Trichosporon;vadense,1
DAH_CF_ITS,5_18S_bar560,Unknown,4
DAH_CF_ITS,6_18S_bar166,Eukarya,1
DAH_CF_ITS,6_18S_bar166,Eukarya;Fungi_Ascomycota;Saccharomycetes;Saccharomycetales;Family_NA;Candida,6446
DAH_CF_ITS,6_18S_bar166,Eukarya;Fungi_Ascomycota;Saccharomycetes;Saccharomycetales;Family_NA;Candida;africana,29
DAH_CF_ITS,6_18S_bar166,Eukarya;Fungi_Ascomycota;Saccharomycetes;Saccharomycetales;Family_NA;Candida;albicans,49
DAH_CF_ITS,6_18S_bar166,Eukarya;Fungi_Basidiomycota;Tremellomycetes;Tremellales;Trichosporonaceae;Trichosporon;loubieri,1
DAH_CF_ITS,6_18S_bar166,Unknown,18
DAH_CF_ITS,Antifungal_1_post,Eukarya,587
DAH_CF_ITS,Antifungal_1_post,Eukarya;Fungi_Ascomycota,19
DAH_CF_ITS,Antifungal_1_post,Eukarya;Fungi_Ascomycota;Class_NA;Order_NA;Family_NA;Genus_NA;agaricomycete_sp_7406,1
DAH_CF_ITS,Antifungal_1_post,Eukarya;Fungi_Ascomycota;Class_NA;Order_NA;Family_NA;Genus_NA;unculturedAscomycota,5
DAH_CF_ITS,Antifungal_1_post,Eukarya;Fungi_Ascomycota;Class_NA;Order_NA;Family_NA;Genus_NA;unculturedPezizomycotina,2
DAH_CF_ITS,Antifungal_1_post,Eukarya;Fungi_Ascomycota;Dothideomycetes,4
DAH_CF_ITS,Antifungal_1_post,Eukarya;Fungi_Ascomycota;Dothideomycetes;Pleosporales;Pleosporaceae;Epicoccum;sp_ASR_245,1
DAH_CF_ITS,Antifungal_1_post,Eukarya;Fungi_Ascomycota;Eurotiomycetes;Chaetothyriales;Herpotrichiellaceae;Exophiala;dermatitidis,1
DAH_CF_ITS,Antifungal_1_post,Eukarya;Fungi_Ascomycota;Eurotiomycetes;Eurotiales;Trichocomaceae;Aspergillus;unguis,5
DAH_CF_ITS,Antifungal_1_post,Eukarya;Fungi_Ascomycota;Eurotiomycetes;Eurotiales;Trichocomaceae;Emericella;nidulans,1533
DAH_CF_ITS,Antifungal_1_post,Eukarya;Fungi_Ascomycota;Eurotiomycetes;Eurotiales;Trichocomaceae;Penicillium;citreonigrum,1
DAH_CF_ITS,Antifungal_1_post,Eukarya;Fungi_Ascomycota;Eurotiomycetes;Eurotiales;Trichocomaceae;Penicillium;janczewski,3
DAH_CF_ITS,Antifungal_1_post,Eukarya;Fungi_Ascomycota;Pezizomycetes;Pezizales;Sarcoscyphaceae;Phillipsia;domingensis,3
DAH_CF_ITS,Antifungal_1_post,Eukarya;Fungi_Ascomycota;Saccharomycetes;Saccharomycetales,11
DAH_CF_ITS,Antifungal_1_post,Eukarya;Fungi_Ascomycota;Saccharomycetes;Saccharomycetales;Family_NA;Candida,16125
DAH_CF_ITS,Antifungal_1_post,Eukarya;Fungi_Ascomycota;Saccharomycetes;Saccharomycetales;Family_NA;Candida;africana,265
DAH_CF_ITS,Antifungal_1_post,Eukarya;Fungi_Ascomycota;Saccharomycetes;Saccharomycetales;Family_NA;Candida;albicans,118
DAH_CF_ITS,Antifungal_1_post,Eukarya;Fungi_Ascomycota;Saccharomycetes;Saccharomycetales;Family_NA;Candida;dubliniensis,47
DAH_CF_ITS,Antifungal_1_post,Eukarya;Fungi_Ascomycota;Saccharomycetes;Saccharomycetales;Family_NA;Candida;ethanolica,4
DAH_CF_ITS,Antifungal_1_post,Eukarya;Fungi_Ascomycota;Saccharomycetes;Saccharomycetales;Family_NA;Candida;intermedia,28
DAH_CF_ITS,Antifungal_1_post,Eukarya;Fungi_Ascomycota;Saccharomycetes;Saccharomycetales;Family_NA;Candida;labiduridarum,1
DAH_CF_ITS,Antifungal_1_post,Eukarya;Fungi_Ascomycota;Saccharomycetes;Saccharomycetales;Saccharomycetaceae;Debaryomyces;hansenii,6
DAH_CF_ITS,Antifungal_1_post,Eukarya;Fungi_Ascomycota;Schizosaccharomycetes;Schizosaccharomycetales;Schizosaccharomycetaceae;Schizosaccharomyces;pombe,114
DAH_CF_ITS,Antifungal_1_post,Eukarya;Fungi_Ascomycota;Sordariomycetes;Hypocreales;Hypocreaceae;Trichoderma;longibrachiatum,1
DAH_CF_ITS,Antifungal_1_post,Eukarya;Fungi_Ascomycota;Sordariomycetes;Order_NA;Plectosphaerellaceae;Plectosphaerella,1
DAH_CF_ITS,Antifungal_1_post,Eukarya;Fungi_Ascomycota;Taphrinomycetes;Taphrinales;Taphrinaceae;Taphrina;carnea,3
DAH_CF_ITS,Antifungal_1_post,Eukarya;Fungi_Basidiomycota,13
DAH_CF_ITS,Antifungal_1_post,Eukarya;Fungi_Basidiomycota;Agaricomycetes,4
DAH_CF_ITS,Antifungal_1_post,Eukarya;Fungi_Basidiomycota;Agaricomycetes;Agaricales;Pluteaceae;Pluteus,3
DAH_CF_ITS,Antifungal_1_post,Eukarya;Fungi_Basidiomycota;Agaricomycetes;Agaricales;Psathyrellaceae;Psathyrella;candolleana,10
DAH_CF_ITS,Antifungal_1_post,Eukarya;Fungi_Basidiomycota;Agaricomycetes;Cantharellales;Tulasnellaceae;Genus_NA;unculturedTulasnellaceae,1
DAH_CF_ITS,Antifungal_1_post,Eukarya;Fungi_Basidiomycota;Agaricomycetes;Corticiales;Corticiaceae;Genus_NA;unculturedSistotrema,48
DAH_CF_ITS,Antifungal_1_post,Eukarya;Fungi_Basidiomycota;Agaricomycetes;Corticiales;Corticiaceae;Limonomyces;roseipellis,1
DAH_CF_ITS,Antifungal_1_post,Eukarya;Fungi_Basidiomycota;Agaricomycetes;Hymenochaetales;Hymenochaetaceae;Phellinus;Fuscoporia_ferruginosa,8
DAH_CF_ITS,Antifungal_1_post,Eukarya;Fungi_Basidiomycota;Agaricomycetes;Hymenochaetales;Hymenochaetaceae;Phellinus;tremulae,1
DAH_CF_ITS,Antifungal_1_post,Eukarya;Fungi_Basidiomycota;Agaricomycetes;Hymenochaetales;Schizoporaceae;Hyphodontia;flavipora,12
DAH_CF_ITS,Antifungal_1_post,Eukarya;Fungi_Basidiomycota;Agaricomycetes;Hymenochaetales;Schizoporaceae;Oxyporus;subpopulinus,33
DAH_CF_ITS,Antifungal_1_post,Eukarya;Fungi_Basidiomycota;Agaricomycetes;Order_NA;Family_NA;Genus_NA;unculturedAgaricomycetes,11
DAH_CF_ITS,Antifungal_1_post,Eukarya;Fungi_Basidiomycota;Agaricomycetes;Polyporales;Family_NA;Genus_NA;fungal_sp_212g,1
DAH_CF_ITS,Antifungal_1_post,Eukarya;Fungi_Basidiomycota;Agaricomycetes;Polyporales;Family_NA;Genus_NA;Polyporales_sp_1_SR_2012,5
DAH_CF_ITS,Antifungal_1_post,Eukarya;Fungi_Basidiomycota;Agaricomycetes;Polyporales;Ganodermataceae;Genus_NA;unculturedGanoderma,62
DAH_CF_ITS,Antifungal_1_post,Eukarya;Fungi_Basidiomycota;Agaricomycetes;Polyporales;Meripilaceae;Rigidoporus;Oxyporus_corticola,5
DAH_CF_ITS,Antifungal_1_post,Eukarya;Fungi_Basidiomycota;Agaricomycetes;Polyporales;Meruliaceae;Phlebia;serialis,1
DAH_CF_ITS,Antifungal_1_post,Eukarya;Fungi_Basidiomycota;Agaricomycetes;Polyporales;Polyporaceae;Coriolopsis;gallica,3
DAH_CF_ITS,Antifungal_1_post,Eukarya;Fungi_Basidiomycota;Agaricomycetes;Polyporales;Polyporaceae;Perenniporia;narymica,18
DAH_CF_ITS,Antifungal_1_post,Eukarya;Fungi_Basidiomycota;Agaricomycetes;Polyporales;Polyporaceae;Perenniporia;sp_MUCL_51629,9
DAH_CF_ITS,Antifungal_1_post,Eukarya;Fungi_Basidiomycota;Agaricomycetes;Polyporales;Polyporaceae;Trametes;sp_35_XMW_2009,4
DAH_CF_ITS,Antifungal_1_post,Eukarya;Fungi_Basidiomycota;Agaricomycetes;Polyporales;Sistotremataceae;Sistotrema;sernanderi,5
DAH_CF_ITS,Antifungal_1_post,Eukarya;Fungi_Basidiomycota;Agaricomycetes;Polyporales;Steccherinaceae;Antrodiella;sp_X276,9
DAH_CF_ITS,Antifungal_1_post,Eukarya;Fungi_Basidiomycota;Agaricomycetes;Polyporales;Steccherinaceae;Steccherinum;ochraceum,8
DAH_CF_ITS,Antifungal_1_post,Eukarya;Fungi_Basidiomycota;Agaricomycetes;Russulales;Echinodontiaceae;Echinodontium;taxodii,1
DAH_CF_ITS,Antifungal_1_post,Eukarya;Fungi_Basidiomycota;Class_NA;Malasseziales;Family_NA;Genus_NA;unculturedMalasseziales,38
DAH_CF_ITS,Antifungal_1_post,Eukarya;Fungi_Basidiomycota;Class_NA;Malasseziales;Family_NA;Malassezia;sp_LCP_2008a,58
DAH_CF_ITS,Antifungal_1_post,Eukarya;Fungi_Basidiomycota;Class_NA;Order_NA;Family_NA;Frantisekia;mentschulensis,5
DAH_CF_ITS,Antifungal_1_post,Eukarya;Fungi_Basidiomycota;Class_NA;Order_NA;Family_NA;Genus_NA;Basidiomycota_sp_D3,7
DAH_CF_ITS,Antifungal_1_post,Eukarya;Fungi_Basidiomycota;Class_NA;Order_NA;Family_NA;Genus_NA;unculturedBasidiomycota,177
DAH_CF_ITS,Antifungal_1_post,Eukarya;Fungi_Basidiomycota;Tremellomycetes;Cystofilobasidiales;Cystofilobasidiaceae;Cystofilobasidium;infirmominiatum,14
DAH_CF_ITS,Antifungal_1_post,Eukarya;Fungi_Basidiomycota;Tremellomycetes;Order_NA;Family_NA;Genus_NA,5
DAH_CF_ITS,Antifungal_1_post,Eukarya;Fungi_Basidiomycota;Tremellomycetes;Tremellales;Exidiaceae;Exidia;sp_PBM2527,1
DAH_CF_ITS,Antifungal_1_post,Eukarya;Fungi_Basidiomycota;Tremellomycetes;Tremellales;Sirobasidiaceae;Fibulobasidium;inconspicuum,22
DAH_CF_ITS,Antifungal_1_post,Eukarya;Fungi_NA;Class_NA;Order_NA;Family_NA;Genus_NA;fungal_sp_mh14853,1
DAH_CF_ITS,Antifungal_1_post,Eukarya;Fungi_NA;Class_NA;Order_NA;Family_NA;Genus_NA;unculturedcompost_fungus,2
DAH_CF_ITS,Antifungal_1_post,Eukarya;Fungi_NA;Class_NA;Order_NA;Family_NA;Genus_NA;unculturedfungus,1190
DAH_CF_ITS,Antifungal_1_post,Eukarya;Fungi_NA;Class_NA;Order_NA;Family_NA;Genus_NA;unculturedsoil_fungus,1
DAH_CF_ITS,Antifungal_1_post,Unknown,36
DAH_CF_ITS,Antifungal_1_pre,Eukarya,236
DAH_CF_ITS,Antifungal_1_pre,Eukarya;Fungi_Ascomycota,7
DAH_CF_ITS,Antifungal_1_pre,Eukarya;Fungi_Ascomycota;Class_NA;Order_NA;Family_NA;Genus_NA;unculturedAscomycota,6
DAH_CF_ITS,Antifungal_1_pre,Eukarya;Fungi_Ascomycota;Eurotiomycetes;Eurotiales;Trichocomaceae;Aspergillus;unguis,10
DAH_CF_ITS,Antifungal_1_pre,Eukarya;Fungi_Ascomycota;Eurotiomycetes;Eurotiales;Trichocomaceae;Emericella;nidulans,69
DAH_CF_ITS,Antifungal_1_pre,Eukarya;Fungi_Ascomycota;Eurotiomycetes;Eurotiales;Trichocomaceae;Penicillium,4
DAH_CF_ITS,Antifungal_1_pre,Eukarya;Fungi_Ascomycota;Eurotiomycetes;Eurotiales;Trichocomaceae;Penicillium;citreonigrum,1
DAH_CF_ITS,Antifungal_1_pre,Eukarya;Fungi_Ascomycota;Eurotiomycetes;Eurotiales;Trichocomaceae;Penicillium;corylophilum,6
DAH_CF_ITS,Antifungal_1_pre,Eukarya;Fungi_Ascomycota;Saccharomycetes;Saccharomycetales,2
DAH_CF_ITS,Antifungal_1_pre,Eukarya;Fungi_Ascomycota;Saccharomycetes;Saccharomycetales;Family_NA;Candida,26933
DAH_CF_ITS,Antifungal_1_pre,Eukarya;Fungi_Ascomycota;Saccharomycetes;Saccharomycetales;Family_NA;Candida;africana,170
DAH_CF_ITS,Antifungal_1_pre,Eukarya;Fungi_Ascomycota;Saccharomycetes;Saccharomycetales;Family_NA;Candida;albicans,245
DAH_CF_ITS,Antifungal_1_pre,Eukarya;Fungi_Ascomycota;Saccharomycetes;Saccharomycetales;Family_NA;Candida;dubliniensis,21
DAH_CF_ITS,Antifungal_1_pre,Eukarya;Fungi_Ascomycota;Saccharomycetes;Saccharomycetales;Family_NA;Candida;parapsilosis,68
DAH_CF_ITS,Antifungal_1_pre,Eukarya;Fungi_Ascomycota;Saccharomycetes;Saccharomycetales;Saccharomycetaceae;Debaryomyces;hansenii,3
DAH_CF_ITS,Antifungal_1_pre,Eukarya;Fungi_Ascomycota;Schizosaccharomycetes;Schizosaccharomycetales;Schizosaccharomycetaceae;Schizosaccharomyces;pombe,109
DAH_CF_ITS,Antifungal_1_pre,Eukarya;Fungi_Basidiomycota,11
DAH_CF_ITS,Antifungal_1_pre,Eukarya;Fungi_Basidiomycota;Agaricomycetes;Agaricales;Mycenaceae;Xeromphalina;sp_MLB_2010,2
DAH_CF_ITS,Antifungal_1_pre,Eukarya;Fungi_Basidiomycota;Agaricomycetes;Hymenochaetales;Hymenochaetaceae;Hymenochaete;sallei,1
DAH_CF_ITS,Antifungal_1_pre,Eukarya;Fungi_Basidiomycota;Agaricomycetes;Polyporales;Family_NA;Genus_NA;fungal_sp_212g,4
DAH_CF_ITS,Antifungal_1_pre,Eukarya;Fungi_Basidiomycota;Agaricomycetes;Russulales;Auriscalpiaceae;Lentinellus;vulpinus,2
DAH_CF_ITS,Antifungal_1_pre,Eukarya;Fungi_Basidiomycota;Class_NA;Malasseziales;Family_NA;Malassezia;sp_LCP_2008a,25
DAH_CF_ITS,Antifungal_1_pre,Eukarya;Fungi_Basidiomycota;Class_NA;Order_NA;Family_NA;Genus_NA;Basidiomycota_sp_D3,1
DAH_CF_ITS,Antifungal_1_pre,Eukarya;Fungi_Basidiomycota;Class_NA;Order_NA;Family_NA;Genus_NA;unculturedBasidiomycota,75
DAH_CF_ITS,Antifungal_1_pre,Eukarya;Fungi_NA;Class_NA;Order_NA;Family_NA;Genus_NA;unculturedfungus,543
DAH_CF_ITS,Antifungal_1_pre,Unknown,13
DAH_CF_ITS,BAL_AMT05_CF,Eukarya,48
DAH_CF_ITS,BAL_AMT05_CF,Eukarya;Fungi_Ascomycota;Class_NA;Order_NA;Family_NA;Genus_NA;unculturedAscomycota,3
DAH_CF_ITS,BAL_AMT05_CF,Eukarya;Fungi_Ascomycota;Eurotiomycetes;Eurotiales;Trichocomaceae;Aspergillus;fumigatus,1
DAH_CF_ITS,BAL_AMT05_CF,Eukarya;Fungi_Ascomycota;Eurotiomycetes;Eurotiales;Trichocomaceae;Aspergillus;unguis,19
DAH_CF_ITS,BAL_AMT05_CF,Eukarya;Fungi_Ascomycota;Eurotiomycetes;Eurotiales;Trichocomaceae;Penicillium,6
DAH_CF_ITS,BAL_AMT05_CF,Eukarya;Fungi_Ascomycota;Eurotiomycetes;Eurotiales;Trichocomaceae;Penicillium;citreonigrum,1
DAH_CF_ITS,BAL_AMT05_CF,Eukarya;Fungi_Ascomycota;Eurotiomycetes;Eurotiales;Trichocomaceae;Penicillium;corylophilum,13
DAH_CF_ITS,BAL_AMT05_CF,Eukarya;Fungi_Ascomycota;Saccharomycetes;Saccharomycetales;Family_NA;Candida,124
DAH_CF_ITS,BAL_AMT05_CF,Eukarya;Fungi_Ascomycota;Saccharomycetes;Saccharomycetales;Family_NA;Candida;africana,2
DAH_CF_ITS,BAL_AMT05_CF,Eukarya;Fungi_Ascomycota;Saccharomycetes;Saccharomycetales;Family_NA;Candida;albicans,119
DAH_CF_ITS,BAL_AMT05_CF,Eukarya;Fungi_Ascomycota;Saccharomycetes;Saccharomycetales;Family_NA;Candida;intermedia,4
DAH_CF_ITS,BAL_AMT05_CF,Eukarya;Fungi_Ascomycota;Saccharomycetes;Saccharomycetales;Family_NA;Candida;parapsilosis,2
DAH_CF_ITS,BAL_AMT05_CF,Eukarya;Fungi_Ascomycota;Saccharomycetes;Saccharomycetales;Family_NA;Candida;sp_NY7122,3
DAH_CF_ITS,BAL_AMT05_CF,Eukarya;Fungi_Ascomycota;Saccharomycetes;Saccharomycetales;Pichiaceae;Hyphopichia;pseudoburtonii,6
DAH_CF_ITS,BAL_AMT05_CF,Eukarya;Fungi_Ascomycota;Saccharomycetes;Saccharomycetales;Saccharomycetaceae;Debaryomyces;hansenii,1
DAH_CF_ITS,BAL_AMT05_CF,Eukarya;Fungi_Ascomycota;Saccharomycetes;Saccharomycetales;Saccharomycetaceae;Saccharomyces;cerevisiae,1
DAH_CF_ITS,BAL_AMT05_CF,Eukarya;Fungi_Ascomycota;Schizosaccharomycetes;Schizosaccharomycetales;Schizosaccharomycetaceae;Schizosaccharomyces;pombe,11638
DAH_CF_ITS,BAL_AMT05_CF,Eukarya;Fungi_Basidiomycota;Agaricomycetes;Polyporales;Hyphodermataceae;Hyphoderma;puberum,2
DAH_CF_ITS,BAL_AMT05_CF,Eukarya;Fungi_Basidiomycota;Agaricomycetes;Russulales;Echinodontiaceae;Echinodontium;taxodii,9
DAH_CF_ITS,BAL_AMT05_CF,Eukarya;Fungi_Basidiomycota;Agaricomycetes;Russulales;Peniophoraceae;Peniophora;sp_MY32EW2,2
DAH_CF_ITS,BAL_AMT05_CF,Eukarya;Fungi_Basidiomycota;Class_NA;Malasseziales;Family_NA;Genus_NA;unculturedMalasseziales,88
DAH_CF_ITS,BAL_AMT05_CF,Eukarya;Fungi_Basidiomycota;Class_NA;Malasseziales;Family_NA;Malassezia;sp_LCP_2008a,355
DAH_CF_ITS,BAL_AMT05_CF,Eukarya;Fungi_Basidiomycota;Class_NA;Order_NA;Family_NA;Genus_NA;leaf_litter_basidiomycete_sp_13/2_48,4
DAH_CF_ITS,BAL_AMT05_CF,Eukarya;Fungi_Basidiomycota;Class_NA;Order_NA;Family_NA;Genus_NA;unculturedBasidiomycota,135
DAH_CF_ITS,BAL_AMT05_CF,Eukarya;Fungi_Basidiomycota;Tremellomycetes;Tremellales;Trichosporonaceae;Trichosporon;loubieri,18
DAH_CF_ITS,BAL_AMT05_CF,Eukarya;Fungi_Basidiomycota;Wallemiomycetes;Wallemiales;Wallemiaceae;Wallemia;sebi,10
DAH_CF_ITS,BAL_AMT05_CF,Eukarya;Fungi_NA;Class_NA;Order_NA;Family_NA;Genus_NA,7
DAH_CF_ITS,BAL_AMT05_CF,Eukarya;Fungi_NA;Class_NA;Order_NA;Family_NA;Genus_NA;unculturedfungus,1338
DAH_CF_ITS,BAL_AMT05_CF,Unknown,18
DAH_CF_ITS,BAL_Hogan_BM,Eukarya,1
DAH_CF_ITS,BAL_Hogan_BM,Eukarya;Fungi_Ascomycota;Eurotiomycetes;Chaetothyriales;Herpotrichiellaceae;Exophiala;dermatitidis,9
DAH_CF_ITS,BAL_Hogan_BM,Eukarya;Fungi_Ascomycota;Eurotiomycetes;Eurotiales;Trichocomaceae;Penicillium;corylophilum,1
DAH_CF_ITS,BAL_Hogan_BM,Eukarya;Fungi_Ascomycota;Saccharomycetes;Saccharomycetales;Family_NA;Candida,13
DAH_CF_ITS,BAL_Hogan_BM,Eukarya;Fungi_Ascomycota;Saccharomycetes;Saccharomycetales;Family_NA;Candida;albicans,3
DAH_CF_ITS,BAL_Hogan_BM,Eukarya;Fungi_Ascomycota;Saccharomycetes;Saccharomycetales;Family_NA;Candida;parapsilosis,1
DAH_CF_ITS,BAL_Hogan_BM,Eukarya;Fungi_Ascomycota;Schizosaccharomycetes;Schizosaccharomycetales;Schizosaccharomycetaceae;Schizosaccharomyces;pombe,1122
DAH_CF_ITS,BAL_Hogan_BM,Eukarya;Fungi_Basidiomycota,1
DAH_CF_ITS,BAL_Hogan_BM,Eukarya;Fungi_Basidiomycota;Agaricomycetes;Agaricales;Schizophyllaceae;Porotheleum;Species_NA,1
DAH_CF_ITS,BAL_Hogan_BM,Eukarya;Fungi_Basidiomycota;Class_NA;Malasseziales;Family_NA;Genus_NA;unculturedMalasseziales,1
DAH_CF_ITS,BAL_Hogan_BM,Eukarya;Fungi_Basidiomycota;Class_NA;Malasseziales;Family_NA;Malassezia;sp_LCP_2008a,11
DAH_CF_ITS,BAL_Hogan_BM,Eukarya;Fungi_Basidiomycota;Class_NA;Order_NA;Family_NA;Genus_NA;unculturedBasidiomycota,7
DAH_CF_ITS,BAL_Hogan_BM,Eukarya;Fungi_Basidiomycota;Tremellomycetes,1
DAH_CF_ITS,BAL_Hogan_BM,Eukarya;Fungi_Basidiomycota;Tremellomycetes;Tremellales;Trichosporonaceae;Trichosporon,1
DAH_CF_ITS,BAL_Hogan_BM,Eukarya;Fungi_Basidiomycota;Tremellomycetes;Tremellales;Trichosporonaceae;Trichosporon;loubieri,16687
DAH_CF_ITS,BAL_Hogan_BM,Eukarya;Fungi_Basidiomycota;Wallemiomycetes;Wallemiales;Wallemiaceae;Wallemia;sebi,1
DAH_CF_ITS,BAL_Hogan_BM,Eukarya;Fungi_NA;Class_NA;Order_NA;Family_NA;Genus_NA;unculturedfungus,43
DAH_CF_ITS,BAL_Hogan_BM,Unknown,4
DAH_CF_ITS,BAL_JEQ_11_normal,Eukarya,121
DAH_CF_ITS,BAL_JEQ_11_normal,Eukarya;Fungi_Ascomycota;Class_NA;Order_NA;Family_NA;Genus_NA;unculturedAscomycota,24
DAH_CF_ITS,BAL_JEQ_11_normal,Eukarya;Fungi_Ascomycota;Eurotiomycetes;Eurotiales;Trichocomaceae;Aspergillus;fumigatus,2
DAH_CF_ITS,BAL_JEQ_11_normal,Eukarya;Fungi_Ascomycota;Eurotiomycetes;Eurotiales;Trichocomaceae;Aspergillus;unguis,4
DAH_CF_ITS,BAL_JEQ_11_normal,Eukarya;Fungi_Ascomycota;Eurotiomycetes;Eurotiales;Trichocomaceae;Emericella;nidulans,1
DAH_CF_ITS,BAL_JEQ_11_normal,Eukarya;Fungi_Ascomycota;Eurotiomycetes;Eurotiales;Trichocomaceae;Penicillium,9
DAH_CF_ITS,BAL_JEQ_11_normal,Eukarya;Fungi_Ascomycota;Eurotiomycetes;Eurotiales;Trichocomaceae;Penicillium;citreonigrum,3
DAH_CF_ITS,BAL_JEQ_11_normal,Eukarya;Fungi_Ascomycota;Eurotiomycetes;Eurotiales;Trichocomaceae;Penicillium;corylophilum,3
DAH_CF_ITS,BAL_JEQ_11_normal,Eukarya;Fungi_Ascomycota;Saccharomycetes;Saccharomycetales;Family_NA;Candida,64
DAH_CF_ITS,BAL_JEQ_11_normal,Eukarya;Fungi_Ascomycota;Saccharomycetes;Saccharomycetales;Family_NA;Candida;africana,6
DAH_CF_ITS,BAL_JEQ_11_normal,Eukarya;Fungi_Ascomycota;Saccharomycetes;Saccharomycetales;Family_NA;Candida;albicans,117
DAH_CF_ITS,BAL_JEQ_11_normal,Eukarya;Fungi_Ascomycota;Saccharomycetes;Saccharomycetales;Pichiaceae;Hyphopichia;pseudoburtonii,23
DAH_CF_ITS,BAL_JEQ_11_normal,Eukarya;Fungi_Ascomycota;Saccharomycetes;Saccharomycetales;Saccharomycetaceae;Saccharomyces;cerevisiae,20
DAH_CF_ITS,BAL_JEQ_11_normal,Eukarya;Fungi_Ascomycota;Schizosaccharomycetes;Schizosaccharomycetales;Schizosaccharomycetaceae;Schizosaccharomyces;pombe,9412
DAH_CF_ITS,BAL_JEQ_11_normal,Eukarya;Fungi_Basidiomycota;Agaricomycetes;Polyporales;Family_NA;Genus_NA;Polyporales_sp_4_SR_2012,5
DAH_CF_ITS,BAL_JEQ_11_normal,Eukarya;Fungi_Basidiomycota;Class_NA;Malasseziales;Family_NA;Genus_NA;unculturedMalasseziales,43
DAH_CF_ITS,BAL_JEQ_11_normal,Eukarya;Fungi_Basidiomycota;Class_NA;Malasseziales;Family_NA;Malassezia;globosa,1
DAH_CF_ITS,BAL_JEQ_11_normal,Eukarya;Fungi_Basidiomycota;Class_NA;Malasseziales;Family_NA;Malassezia;sp_LCP_2008a,375
DAH_CF_ITS,BAL_JEQ_11_normal,Eukarya;Fungi_Basidiomycota;Class_NA;Order_NA;Family_NA;Genus_NA;unculturedBasidiomycota,158
DAH_CF_ITS,BAL_JEQ_11_normal,Eukarya;Fungi_Basidiomycota;Microbotryomycetes;Sporidiobolales;Family_NA;Rhodotorula;mucilaginosa,1
DAH_CF_ITS,BAL_JEQ_11_normal,Eukarya;Fungi_Basidiomycota;Microbotryomycetes;Sporidiobolales;Family_NA;Sporobolomyces;sp_Vega543,1
DAH_CF_ITS,BAL_JEQ_11_normal,Eukarya;Fungi_Basidiomycota;Pucciniomycetes;Pucciniales;Pucciniaceae;Puccinia;coronata_f_sp_avenae,2
DAH_CF_ITS,BAL_JEQ_11_normal,Eukarya;Fungi_Basidiomycota;Tremellomycetes;Tremellales;Trichosporonaceae;Trichosporon;loubieri,12
DAH_CF_ITS,BAL_JEQ_11_normal,Eukarya;Fungi_Basidiomycota;Wallemiomycetes;Wallemiales;Wallemiaceae;Wallemia;sebi,12
DAH_CF_ITS,BAL_JEQ_11_normal,Eukarya;Fungi_NA;Class_NA;Order_NA;Family_NA;Genus_NA;unculturedfungus,1232
DAH_CF_ITS,BAL_JEQ_11_normal,Unknown,24
DAH_CF_ITS,BAL_JML02_CF,Eukarya,121
DAH_CF_ITS,BAL_JML02_CF,Eukarya;Fungi_Ascomycota;Class_NA;Order_NA;Family_NA;Genus_NA;Ascomycota_sp_ARIZ_RTOak2_10,4
DAH_CF_ITS,BAL_JML02_CF,Eukarya;Fungi_Ascomycota;Class_NA;Order_NA;Family_NA;Genus_NA;unculturedAscomycota,21
DAH_CF_ITS,BAL_JML02_CF,Eukarya;Fungi_Ascomycota;Eurotiomycetes;Eurotiales;Trichocomaceae;Aspergillus;fumigatus,4
DAH_CF_ITS,BAL_JML02_CF,Eukarya;Fungi_Ascomycota;Eurotiomycetes;Eurotiales;Trichocomaceae;Aspergillus;restrictus,2
DAH_CF_ITS,BAL_JML02_CF,Eukarya;Fungi_Ascomycota;Eurotiomycetes;Eurotiales;Trichocomaceae;Aspergillus;unguis,20
DAH_CF_ITS,BAL_JML02_CF,Eukarya;Fungi_Ascomycota;Eurotiomycetes;Eurotiales;Trichocomaceae;Penicillium,10
DAH_CF_ITS,BAL_JML02_CF,Eukarya;Fungi_Ascomycota;Eurotiomycetes;Eurotiales;Trichocomaceae;Penicillium;citreonigrum,4
DAH_CF_ITS,BAL_JML02_CF,Eukarya;Fungi_Ascomycota;Eurotiomycetes;Eurotiales;Trichocomaceae;Penicillium;corylophilum,6
DAH_CF_ITS,BAL_JML02_CF,Eukarya;Fungi_Ascomycota;Saccharomycetes;Saccharomycetales;Family_NA;Candida,115
DAH_CF_ITS,BAL_JML02_CF,Eukarya;Fungi_Ascomycota;Saccharomycetes;Saccharomycetales;Family_NA;Candida;africana,8
DAH_CF_ITS,BAL_JML02_CF,Eukarya;Fungi_Ascomycota;Saccharomycetes;Saccharomycetales;Family_NA;Candida;albicans,198
DAH_CF_ITS,BAL_JML02_CF,Eukarya;Fungi_Ascomycota;Saccharomycetes;Saccharomycetales;Family_NA;Candida;dubliniensis,15
DAH_CF_ITS,BAL_JML02_CF,Eukarya;Fungi_Ascomycota;Saccharomycetes;Saccharomycetales;Family_NA;Candida;intermedia,4
DAH_CF_ITS,BAL_JML02_CF,Eukarya;Fungi_Ascomycota;Saccharomycetes;Saccharomycetales;Pichiaceae;Hyphopichia;pseudoburtonii,5
DAH_CF_ITS,BAL_JML02_CF,Eukarya;Fungi_Ascomycota;Saccharomycetes;Saccharomycetales;Saccharomycetaceae;Saccharomyces;cerevisiae,17
DAH_CF_ITS,BAL_JML02_CF,Eukarya;Fungi_Ascomycota;Schizosaccharomycetes;Schizosaccharomycetales;Schizosaccharomycetaceae;Schizosaccharomyces;pombe,2682
DAH_CF_ITS,BAL_JML02_CF,Eukarya;Fungi_Ascomycota;Sordariomycetes;Hypocreales;Clavicipitaceae;Claviceps;purpurea,1
DAH_CF_ITS,BAL_JML02_CF,Eukarya;Fungi_Basidiomycota;Agaricomycetes;Polyporales;Polyporaceae;Daedaleopsis;confragosa,5
DAH_CF_ITS,BAL_JML02_CF,Eukarya;Fungi_Basidiomycota;Class_NA;Malasseziales;Family_NA;Genus_NA;unculturedMalasseziales,40
DAH_CF_ITS,BAL_JML02_CF,Eukarya;Fungi_Basidiomycota;Class_NA;Malasseziales;Family_NA;Malassezia;furfur,16
DAH_CF_ITS,BAL_JML02_CF,Eukarya;Fungi_Basidiomycota;Class_NA;Malasseziales;Family_NA;Malassezia;globosa,5
DAH_CF_ITS,BAL_JML02_CF,Eukarya;Fungi_Basidiomycota;Class_NA;Malasseziales;Family_NA;Malassezia;sp_LCP_2008a,509
DAH_CF_ITS,BAL_JML02_CF,Eukarya;Fungi_Basidiomycota;Class_NA;Order_NA;Family_NA;Genus_NA;unculturedBasidiomycota,338
DAH_CF_ITS,BAL_JML02_CF,Eukarya;Fungi_Basidiomycota;Wallemiomycetes;Wallemiales;Wallemiaceae;Wallemia;sebi,8
DAH_CF_ITS,BAL_JML02_CF,Eukarya;Fungi_NA;Class_NA;Order_NA;Family_NA;Genus_NA,2
DAH_CF_ITS,BAL_JML02_CF,Eukarya;Fungi_NA;Class_NA;Order_NA;Family_NA;Genus_NA;fungal_sp_TRN172,2
DAH_CF_ITS,BAL_JML02_CF,Eukarya;Fungi_NA;Class_NA;Order_NA;Family_NA;Genus_NA;unculturedendophytic_fungus,2
DAH_CF_ITS,BAL_JML02_CF,Eukarya;Fungi_NA;Class_NA;Order_NA;Family_NA;Genus_NA;unculturedfungus,2311
DAH_CF_ITS,BAL_JML02_CF,Unknown,42
DAH_CF_ITS,CZ_18S_bar1149,Eukarya,7
DAH_CF_ITS,CZ_18S_bar1149,Eukarya;Fungi_Ascomycota;Saccharomycetes;Saccharomycetales;Family_NA;Candida,2305
DAH_CF_ITS,CZ_18S_bar1149,Eukarya;Fungi_Ascomycota;Saccharomycetes;Saccharomycetales;Family_NA;Candida;africana,21
DAH_CF_ITS,CZ_18S_bar1149,Eukarya;Fungi_Ascomycota;Saccharomycetes;Saccharomycetales;Family_NA;Candida;albicans,56
DAH_CF_ITS,CZ_18S_bar1149,Eukarya;Fungi_Ascomycota;Saccharomycetes;Saccharomycetales;Family_NA;Candida;parapsilosis,2957
DAH_CF_ITS,CZ_18S_bar1149,Eukarya;Fungi_Ascomycota;Saccharomycetes;Saccharomycetales;Family_NA;Candida;unculturedfungus,8
DAH_CF_ITS,CZ_18S_bar1149,Eukarya;Fungi_Basidiomycota;Class_NA;Order_NA;Family_NA;Genus_NA;unculturedBasidiomycota,4
DAH_CF_ITS,CZ_18S_bar1149,Eukarya;Fungi_Basidiomycota;Tremellomycetes;Tremellales;Trichosporonaceae;Trichosporon;loubieri,230
DAH_CF_ITS,CZ_18S_bar1149,Unknown,8
DAH_CF_ITS,CZ_dup_18S_bar144,Eukarya,2
DAH_CF_ITS,CZ_dup_18S_bar144,Eukarya;Fungi_Ascomycota;Saccharomycetes;Saccharomycetales;Family_NA;Candida,1846
DAH_CF_ITS,CZ_dup_18S_bar144,Eukarya;Fungi_Ascomycota;Saccharomycetes;Saccharomycetales;Family_NA;Candida;africana,18
DAH_CF_ITS,CZ_dup_18S_bar144,Eukarya;Fungi_Ascomycota;Saccharomycetes;Saccharomycetales;Family_NA;Candida;albicans,38
DAH_CF_ITS,CZ_dup_18S_bar144,Eukarya;Fungi_Ascomycota;Saccharomycetes;Saccharomycetales;Family_NA;Candida;parapsilosis,2309
DAH_CF_ITS,CZ_dup_18S_bar144,Eukarya;Fungi_Ascomycota;Saccharomycetes;Saccharomycetales;Family_NA;Candida;unculturedfungus,4
DAH_CF_ITS,CZ_dup_18S_bar144,Eukarya;Fungi_Basidiomycota;Class_NA;Order_NA;Family_NA;Genus_NA;unculturedBasidiomycota,1
DAH_CF_ITS,CZ_dup_18S_bar144,Eukarya;Fungi_Basidiomycota;Tremellomycetes;Tremellales;Trichosporonaceae;Trichosporon;loubieri,144
DAH_CF_ITS,CZ_dup_18S_bar144,Eukarya;Fungi_NA;Class_NA;Order_NA;Family_NA;Genus_NA;unculturedfungus,1
DAH_CF_ITS,CZ_dup_18S_bar144,Unknown,4
DAH_CF_ITS,MZ_18S_bar575,Eukarya;Fungi_Ascomycota;Saccharomycetes;Saccharomycetales;Family_NA;Candida,2223
DAH_CF_ITS,MZ_18S_bar575,Eukarya;Fungi_Ascomycota;Saccharomycetes;Saccharomycetales;Family_NA;Candida;africana,40
DAH_CF_ITS,MZ_18S_bar575,Eukarya;Fungi_Ascomycota;Saccharomycetes;Saccharomycetales;Family_NA;Candida;albicans,322
DAH_CF_ITS,MZ_18S_bar575,Eukarya;Fungi_Basidiomycota;Tremellomycetes;Tremellales;Trichosporonaceae;Trichosporon;loubieri,116
DAH_CF_ITS,MZ_18S_bar575,Unknown,7
DAH_CF_ITS,NPL_18S_bar15,Eukarya;Fungi_Ascomycota;Eurotiomycetes;Eurotiales;Trichocomaceae;Aspergillus;fumigatus,246
DAH_CF_ITS,NPL_18S_bar15,Eukarya;Fungi_Ascomycota;Eurotiomycetes;Eurotiales;Trichocomaceae;Neosartorya;fischeri,92
DAH_CF_ITS,NPL_18S_bar15,Eukarya;Fungi_Ascomycota;Saccharomycetes;Saccharomycetales;Family_NA;Candida,3042
DAH_CF_ITS,NPL_18S_bar15,Eukarya;Fungi_Ascomycota;Saccharomycetes;Saccharomycetales;Family_NA;Candida;africana,32
DAH_CF_ITS,NPL_18S_bar15,Eukarya;Fungi_Ascomycota;Saccharomycetes;Saccharomycetales;Family_NA;Candida;albicans,24
DAH_CF_ITS,NPL_18S_bar15,Eukarya;Fungi_Ascomycota;Saccharomycetes;Saccharomycetales;Saccharomycetaceae;Saccharomyces;cerevisiae,5
DAH_CF_ITS,NPL_18S_bar15,Eukarya;Fungi_Basidiomycota;Tremellomycetes;Tremellales;Trichosporonaceae;Trichosporon;loubieri,26
DAH_CF_ITS,NPL_18S_bar15,Unknown,14
DAH_CF_ITS,Pseudo_I04,Eukarya,223
DAH_CF_ITS,Pseudo_I04,Eukarya;Fungi_Ascomycota;Eurotiomycetes;Eurotiales;Trichocomaceae;Emericella;nidulans,7
DAH_CF_ITS,Pseudo_I04,Eukarya;Fungi_Ascomycota;Saccharomycetes;Saccharomycetales;Family_NA;Candida,12099
DAH_CF_ITS,Pseudo_I04,Eukarya;Fungi_Ascomycota;Saccharomycetes;Saccharomycetales;Family_NA;Candida;africana,45
DAH_CF_ITS,Pseudo_I04,Eukarya;Fungi_Ascomycota;Saccharomycetes;Saccharomycetales;Family_NA;Candida;albicans,800
DAH_CF_ITS,Pseudo_I04,Eukarya;Fungi_Ascomycota;Saccharomycetes;Saccharomycetales;Family_NA;Candida;dubliniensis,3392
DAH_CF_ITS,Pseudo_I04,Eukarya;Fungi_Ascomycota;Saccharomycetes;Saccharomycetales;Family_NA;Candida;kruisii,3
DAH_CF_ITS,Pseudo_I04,Eukarya;Fungi_Ascomycota;Saccharomycetes;Saccharomycetales;Family_NA;Candida;parapsilosis,1
DAH_CF_ITS,Pseudo_I04,Eukarya;Fungi_Ascomycota;Saccharomycetes;Saccharomycetales;Family_NA;Candida;sp_AS_23073,9
DAH_CF_ITS,Pseudo_I04,Eukarya;Fungi_Ascomycota;Saccharomycetes;Saccharomycetales;Metschnikowiaceae;Clavispora;lusitaniae,6673
DAH_CF_ITS,Pseudo_I04,Eukarya;Fungi_Ascomycota;Saccharomycetes;Saccharomycetales;Pichiaceae;Hyphopichia;pseudoburtonii,2
DAH_CF_ITS,Pseudo_I04,Eukarya;Fungi_Ascomycota;Saccharomycetes;Saccharomycetales;Saccharomycetaceae;Kazachstania;intestinalis,4
DAH_CF_ITS,Pseudo_I04,Eukarya;Fungi_Ascomycota;Saccharomycetes;Saccharomycetales;Saccharomycetaceae;Saccharomyces;cerevisiae,147
DAH_CF_ITS,Pseudo_I04,Eukarya;Fungi_Ascomycota;Schizosaccharomycetes;Schizosaccharomycetales;Schizosaccharomycetaceae;Schizosaccharomyces;pombe,38
DAH_CF_ITS,Pseudo_I04,Eukarya;Fungi_Ascomycota;Sordariomycetes,4
DAH_CF_ITS,Pseudo_I04,Eukarya;Fungi_Basidiomycota,1
DAH_CF_ITS,Pseudo_I04,Eukarya;Fungi_Basidiomycota;Class_NA;Malasseziales;Family_NA;Genus_NA;unculturedMalasseziales,216
DAH_CF_ITS,Pseudo_I04,Eukarya;Fungi_Basidiomycota;Class_NA;Malasseziales;Family_NA;Malassezia;globosa,32
DAH_CF_ITS,Pseudo_I04,Eukarya;Fungi_Basidiomycota;Class_NA;Malasseziales;Family_NA;Malassezia;sp_LCP_2008a,198
DAH_CF_ITS,Pseudo_I04,Eukarya;Fungi_Basidiomycota;Class_NA;Order_NA;Family_NA;Genus_NA,12
DAH_CF_ITS,Pseudo_I04,Eukarya;Fungi_Basidiomycota;Class_NA;Order_NA;Family_NA;Genus_NA;unculturedBasidiomycota,1692
DAH_CF_ITS,Pseudo_I04,Eukarya;Fungi_Glomeromycota;Glomeromycetes;Diversisporales;Gigasporaceae;Scutellospora;calospora,1
DAH_CF_ITS,Pseudo_I04,Eukarya;Fungi_NA;Class_NA;Order_NA;Family_NA;Genus_NA;unculturedfungus,1109
DAH_CF_ITS,Pseudo_I04,Unknown,39
DAH_CF_ITS,Pseudo_I06,Eukarya,127
DAH_CF_ITS,Pseudo_I06,Eukarya;Fungi_Ascomycota;Class_NA;Order_NA;Family_NA;Genus_NA;unculturedPezizomycotina,11
DAH_CF_ITS,Pseudo_I06,Eukarya;Fungi_Ascomycota;Eurotiomycetes;Eurotiales;Trichocomaceae;Emericella;nidulans,5
DAH_CF_ITS,Pseudo_I06,Eukarya;Fungi_Ascomycota;Saccharomycetes;Saccharomycetales;Family_NA;Candida,36978
DAH_CF_ITS,Pseudo_I06,Eukarya;Fungi_Ascomycota;Saccharomycetes;Saccharomycetales;Family_NA;Candida;africana,90
DAH_CF_ITS,Pseudo_I06,Eukarya;Fungi_Ascomycota;Saccharomycetes;Saccharomycetales;Family_NA;Candida;albicans,152
DAH_CF_ITS,Pseudo_I06,Eukarya;Fungi_Ascomycota;Saccharomycetes;Saccharomycetales;Family_NA;Candida;dubliniensis,22
DAH_CF_ITS,Pseudo_I06,Eukarya;Fungi_Ascomycota;Saccharomycetes;Saccharomycetales;Family_NA;Candida;parapsilosis,7
DAH_CF_ITS,Pseudo_I06,Eukarya;Fungi_Ascomycota;Saccharomycetes;Saccharomycetales;Metschnikowiaceae;Clavispora;lusitaniae,35
DAH_CF_ITS,Pseudo_I06,Eukarya;Fungi_Ascomycota;Schizosaccharomycetes;Schizosaccharomycetales;Schizosaccharomycetaceae;Schizosaccharomyces;pombe,1
DAH_CF_ITS,Pseudo_I06,Eukarya;Fungi_Basidiomycota;Class_NA;Malasseziales;Family_NA;Genus_NA;unculturedMalasseziales,3
DAH_CF_ITS,Pseudo_I06,Eukarya;Fungi_Basidiomycota;Class_NA;Malasseziales;Family_NA;Malassezia;sp_LCP_2008a,10
DAH_CF_ITS,Pseudo_I06,Eukarya;Fungi_Basidiomycota;Class_NA;Order_NA;Family_NA;Genus_NA,9
DAH_CF_ITS,Pseudo_I06,Eukarya;Fungi_Basidiomycota;Class_NA;Order_NA;Family_NA;Genus_NA;unculturedBasidiomycota,16
DAH_CF_ITS,Pseudo_I06,Eukarya;Fungi_Basidiomycota;Tremellomycetes;Filobasidiales;Filobasidiaceae;Cryptococcus,12
DAH_CF_ITS,Pseudo_I06,Eukarya;Fungi_Basidiomycota;Tremellomycetes;Filobasidiales;Filobasidiaceae;Cryptococcus;sp_CBS_8368,3
DAH_CF_ITS,Pseudo_I06,Eukarya;Fungi_NA;Class_NA;Order_NA;Family_NA;Genus_NA,16
DAH_CF_ITS,Pseudo_I06,Eukarya;Fungi_NA;Class_NA;Order_NA;Family_NA;Genus_NA;unculturedfungus,186
DAH_CF_ITS,Pseudo_I06,Unknown,1
DAH_CF_ITS,Pseudo_I08,Eukarya,262
DAH_CF_ITS,Pseudo_I08,Eukarya;Fungi_Ascomycota,42
DAH_CF_ITS,Pseudo_I08,Eukarya;Fungi_Ascomycota;Class_NA;Order_NA;Family_NA;Genus_NA;unculturedPezizomycotina,40
DAH_CF_ITS,Pseudo_I08,Eukarya;Fungi_Ascomycota;Eurotiomycetes;Eurotiales;Trichocomaceae;Emericella;nidulans,4
DAH_CF_ITS,Pseudo_I08,Eukarya;Fungi_Ascomycota;Leotiomycetes;Helotiales;Family_NA;Genus_NA;Species_NA,1
DAH_CF_ITS,Pseudo_I08,Eukarya;Fungi_Ascomycota;Saccharomycetes;Saccharomycetales,3
DAH_CF_ITS,Pseudo_I08,Eukarya;Fungi_Ascomycota;Saccharomycetes;Saccharomycetales;Debaryomycetaceae;Meyerozyma;caribbica,2
DAH_CF_ITS,Pseudo_I08,Eukarya;Fungi_Ascomycota;Saccharomycetes;Saccharomycetales;Family_NA;Candida,16985
DAH_CF_ITS,Pseudo_I08,Eukarya;Fungi_Ascomycota;Saccharomycetes;Saccharomycetales;Family_NA;Candida;africana,8
DAH_CF_ITS,Pseudo_I08,Eukarya;Fungi_Ascomycota;Saccharomycetes;Saccharomycetales;Family_NA;Candida;albicans,102
DAH_CF_ITS,Pseudo_I08,Eukarya;Fungi_Ascomycota;Saccharomycetes;Saccharomycetales;Family_NA;Candida;dosseyi,10
DAH_CF_ITS,Pseudo_I08,Eukarya;Fungi_Ascomycota;Saccharomycetes;Saccharomycetales;Family_NA;Candida;dubliniensis,340
DAH_CF_ITS,Pseudo_I08,Eukarya;Fungi_Ascomycota;Saccharomycetes;Saccharomycetales;Family_NA;Candida;parapsilosis,21
DAH_CF_ITS,Pseudo_I08,Eukarya;Fungi_Ascomycota;Saccharomycetes;Saccharomycetales;Family_NA;Candida;tropicalis,258
DAH_CF_ITS,Pseudo_I08,Eukarya;Fungi_Ascomycota;Saccharomycetes;Saccharomycetales;Saccharomycetaceae;Debaryomyces;hansenii,1
DAH_CF_ITS,Pseudo_I08,Eukarya;Fungi_Ascomycota;Saccharomycetes;Saccharomycetales;Saccharomycetaceae;Lachancea;fermentati,2
DAH_CF_ITS,Pseudo_I08,Eukarya;Fungi_Ascomycota;Saccharomycetes;Saccharomycetales;Saccharomycetaceae;Saccharomyces;cerevisiae,2
DAH_CF_ITS,Pseudo_I08,Eukarya;Fungi_Ascomycota;Sordariomycetes;Hypocreales;Family_NA;Genus_NA;Hypocreales_sp_HLS104,1
DAH_CF_ITS,Pseudo_I08,Eukarya;Fungi_Basidiomycota;Class_NA;Malasseziales;Family_NA;Genus_NA;unculturedMalasseziales,7
DAH_CF_ITS,Pseudo_I08,Eukarya;Fungi_Basidiomycota;Class_NA;Malasseziales;Family_NA;Malassezia;sp_LCP_2008a,32
DAH_CF_ITS,Pseudo_I08,Eukarya;Fungi_Basidiomycota;Class_NA;Order_NA;Family_NA;Genus_NA;unculturedBasidiomycota,42
DAH_CF_ITS,Pseudo_I08,Eukarya;Fungi_Basidiomycota;Tremellomycetes;Filobasidiales;Filobasidiaceae;Cryptococcus,9
DAH_CF_ITS,Pseudo_I08,Eukarya;Fungi_Basidiomycota;Tremellomycetes;Filobasidiales;Filobasidiaceae;Cryptococcus;sp_CBS_8368,7
DAH_CF_ITS,Pseudo_I08,Eukarya;Fungi_NA;Class_NA;Order_NA;Family_NA;Genus_NA;fungal_sp_mh14853,20
DAH_CF_ITS,Pseudo_I08,Eukarya;Fungi_NA;Class_NA;Order_NA;Family_NA;Genus_NA;unculturedfungus,140
DAH_CF_ITS,Pseudo_I08,Eukarya;Fungi_NA;Class_NA;Order_NA;Family_NA;Genus_NA;unculturedsoil_fungus,1
DAH_CF_ITS,Pseudo_I08,Unknown,257
DAH_CF_ITS,Pseudo_I09,Eukarya,4
DAH_CF_ITS,Pseudo_I09,Eukarya;Fungi_Ascomycota;Dothideomycetes;Botryosphaeriales;Botryosphaeriaceae;Lasiodiplodia,1
DAH_CF_ITS,Pseudo_I09,Eukarya;Fungi_Ascomycota;Eurotiomycetes;Eurotiales;Trichocomaceae;Emericella;nidulans,1
DAH_CF_ITS,Pseudo_I09,Eukarya;Fungi_Ascomycota;Saccharomycetes;Saccharomycetales;Family_NA;Candida,779
DAH_CF_ITS,Pseudo_I09,Eukarya;Fungi_Ascomycota;Saccharomycetes;Saccharomycetales;Family_NA;Candida;africana,1
DAH_CF_ITS,Pseudo_I09,Eukarya;Fungi_Ascomycota;Saccharomycetes;Saccharomycetales;Family_NA;Candida;albicans,8
DAH_CF_ITS,Pseudo_I09,Eukarya;Fungi_Ascomycota;Saccharomycetes;Saccharomycetales;Family_NA;Candida;dubliniensis,862
DAH_CF_ITS,Pseudo_I09,Eukarya;Fungi_Ascomycota;Saccharomycetes;Saccharomycetales;Pichiaceae;Pichia;fermentans,1
DAH_CF_ITS,Pseudo_I09,Eukarya;Fungi_Basidiomycota;Class_NA;Malasseziales;Family_NA;Genus_NA;unculturedMalasseziales,1
DAH_CF_ITS,Pseudo_I09,Eukarya;Fungi_Basidiomycota;Class_NA;Order_NA;Family_NA;Genus_NA;unculturedBasidiomycota,2
DAH_CF_ITS,Pseudo_I09,Eukarya;Fungi_NA;Class_NA;Order_NA;Family_NA;Genus_NA;unculturedcompost_fungus,1
DAH_CF_ITS,Pseudo_I09,Eukarya;Fungi_NA;Class_NA;Order_NA;Family_NA;Genus_NA;unculturedfungus,5
DAH_CF_ITS,Pseudo_I09,Unknown,6
DAH_CF_ITS,Pseudo_P01,Eukarya,368
DAH_CF_ITS,Pseudo_P01,Eukarya;Fungi_Ascomycota,12
DAH_CF_ITS,Pseudo_P01,Eukarya;Fungi_Ascomycota;Class_NA;Order_NA;Family_NA;Genus_NA;unculturedAscomycota,15
DAH_CF_ITS,Pseudo_P01,Eukarya;Fungi_Ascomycota;Class_NA;Order_NA;Family_NA;Genus_NA;unculturedPezizomycotina,1
DAH_CF_ITS,Pseudo_P01,Eukarya;Fungi_Ascomycota;Class_NA;Order_NA;Family_NA;Minimidochium;sp_TMS_2011,6
DAH_CF_ITS,Pseudo_P01,Eukarya;Fungi_Ascomycota;Dothideomycetes;Capnodiales;Mycosphaerellaceae;Cladosporium;cladosporioides,2
DAH_CF_ITS,Pseudo_P01,Eukarya;Fungi_Ascomycota;Dothideomycetes;Dothideales;Dothioraceae;Aureobasidium;pullulans,4
DAH_CF_ITS,Pseudo_P01,Eukarya;Fungi_Ascomycota;Dothideomycetes;Pleosporales;Family_NA;Phoma;herbarum,145
DAH_CF_ITS,Pseudo_P01,Eukarya;Fungi_Ascomycota;Dothideomycetes;Pleosporales;Phaeosphaeriaceae;Stagonospora;sp_VegaE2_84,36
DAH_CF_ITS,Pseudo_P01,Eukarya;Fungi_Ascomycota;Eurotiomycetes;Eurotiales;Trichocomaceae;Aspergillus;unguis,4
DAH_CF_ITS,Pseudo_P01,Eukarya;Fungi_Ascomycota;Eurotiomycetes;Eurotiales;Trichocomaceae;Emericella;nidulans,2
DAH_CF_ITS,Pseudo_P01,Eukarya;Fungi_Ascomycota;Eurotiomycetes;Eurotiales;Trichocomaceae;Penicillium;spinulosum,4
DAH_CF_ITS,Pseudo_P01,Eukarya;Fungi_Ascomycota;Leotiomycetes;Thelebolales;Thelebolaceae;Genus_NA;unculturedThelebolaceae,1
DAH_CF_ITS,Pseudo_P01,Eukarya;Fungi_Ascomycota;Pezizomycetes;Pezizales;Sarcoscyphaceae;Phillipsia;domingensis,2
DAH_CF_ITS,Pseudo_P01,Eukarya;Fungi_Ascomycota;Saccharomycetes;Saccharomycetales,7
DAH_CF_ITS,Pseudo_P01,Eukarya;Fungi_Ascomycota;Saccharomycetes;Saccharomycetales;Family_NA;Candida,15796
DAH_CF_ITS,Pseudo_P01,Eukarya;Fungi_Ascomycota;Saccharomycetes;Saccharomycetales;Family_NA;Candida;africana,235
DAH_CF_ITS,Pseudo_P01,Eukarya;Fungi_Ascomycota;Saccharomycetes;Saccharomycetales;Family_NA;Candida;albicans,1354
DAH_CF_ITS,Pseudo_P01,Eukarya;Fungi_Ascomycota;Saccharomycetes;Saccharomycetales;Family_NA;Candida;dubliniensis,2551
DAH_CF_ITS,Pseudo_P01,Eukarya;Fungi_Ascomycota;Saccharomycetes;Saccharomycetales;Family_NA;Candida;intermedia,3
DAH_CF_ITS,Pseudo_P01,Eukarya;Fungi_Ascomycota;Saccharomycetes;Saccharomycetales;Family_NA;Candida;parapsilosis,1275
DAH_CF_ITS,Pseudo_P01,Eukarya;Fungi_Ascomycota;Saccharomycetes;Saccharomycetales;Family_NA;Candida;tropicalis,2
DAH_CF_ITS,Pseudo_P01,Eukarya;Fungi_Ascomycota;Saccharomycetes;Saccharomycetales;Family_NA;Candida;unculturedfungus,3
DAH_CF_ITS,Pseudo_P01,Eukarya;Fungi_Ascomycota;Saccharomycetes;Saccharomycetales;Saccharomycetaceae;Debaryomyces;hansenii,34
DAH_CF_ITS,Pseudo_P01,Eukarya;Fungi_Ascomycota;Schizosaccharomycetes;Schizosaccharomycetales;Schizosaccharomycetaceae;Schizosaccharomyces;pombe,228
DAH_CF_ITS,Pseudo_P01,Eukarya;Fungi_Ascomycota;Sordariomycetes;Order_NA;Family_NA;Genus_NA,45
DAH_CF_ITS,Pseudo_P01,Eukarya;Fungi_Basidiomycota;Agaricomycetes;Agaricales;Lyophyllaceae;Termitomyces;unculturedTermitomyces,7
DAH_CF_ITS,Pseudo_P01,Eukarya;Fungi_Basidiomycota;Agaricomycetes;Order_NA;Family_NA;Genus_NA;unculturedAgaricomycetes,1
DAH_CF_ITS,Pseudo_P01,Eukarya;Fungi_Basidiomycota;Agaricomycetes;Polyporales;Family_NA;Genus_NA;fungal_sp_212g,24
DAH_CF_ITS,Pseudo_P01,Eukarya;Fungi_Basidiomycota;Agaricomycetes;Polyporales;Family_NA;Genus_NA;Species_NA,4
DAH_CF_ITS,Pseudo_P01,Eukarya;Fungi_Basidiomycota;Agaricomycetes;Polyporales;Fomitopsidaceae;Piptoporus;betulinus,29
DAH_CF_ITS,Pseudo_P01,Eukarya;Fungi_Basidiomycota;Agaricomycetes;Polyporales;Ganodermataceae;Genus_NA;unculturedGanoderma,17
DAH_CF_ITS,Pseudo_P01,Eukarya;Fungi_Basidiomycota;Agaricomycetes;Polyporales;Meripilaceae;Antrodia;malicola,94
DAH_CF_ITS,Pseudo_P01,Eukarya;Fungi_Basidiomycota;Agaricomycetes;Polyporales;Phanerochaetaceae;Ceraceomyces;americanus,6
DAH_CF_ITS,Pseudo_P01,Eukarya;Fungi_Basidiomycota;Agaricomycetes;Polyporales;Polyporaceae;Datronia;mollis,2
DAH_CF_ITS,Pseudo_P01,Eukarya;Fungi_Basidiomycota;Class_NA;Malasseziales;Family_NA;Malassezia;sp_LCP_2008a,29
DAH_CF_ITS,Pseudo_P01,Eukarya;Fungi_Basidiomycota;Class_NA;Order_NA;Family_NA;Genus_NA,4
DAH_CF_ITS,Pseudo_P01,Eukarya;Fungi_Basidiomycota;Class_NA;Order_NA;Family_NA;Genus_NA;unculturedBasidiomycota,92
DAH_CF_ITS,Pseudo_P01,Eukarya;Fungi_Basidiomycota;Microbotryomycetes;Sporidiobolales;Family_NA;Rhodotorula;dairenensis,4
DAH_CF_ITS,Pseudo_P01,Eukarya;Fungi_Basidiomycota;Microbotryomycetes;Sporidiobolales;Family_NA;Rhodotorula;mucilaginosa,8
DAH_CF_ITS,Pseudo_P01,Eukarya;Fungi_Basidiomycota;Microbotryomycetes;Sporidiobolales;Family_NA;Sporobolomyces;sp_JJP_2009a,1
DAH_CF_ITS,Pseudo_P01,Eukarya;Fungi_Basidiomycota;Ustilaginomycetes;Ustilaginales;Ustilaginaceae;Ustilago;syntherismae,73
DAH_CF_ITS,Pseudo_P01,Eukarya;Fungi_NA;Class_NA;Order_NA;Family_NA;Genus_NA,4
DAH_CF_ITS,Pseudo_P01,Eukarya;Fungi_NA;Class_NA;Order_NA;Family_NA;Genus_NA;fungal_sp_mh14853,1
DAH_CF_ITS,Pseudo_P01,Eukarya;Fungi_NA;Class_NA;Order_NA;Family_NA;Genus_NA;unculturedfungus,1689
DAH_CF_ITS,Pseudo_P01,Eukarya;Fungi_NA;Class_NA;Order_NA;Family_NA;Genus_NA;unculturedsoil_fungus,6
DAH_CF_ITS,Pseudo_P01,Unknown,30
DAH_CF_ITS,Pseudo_P02,Eukarya;Fungi_Ascomycota;Saccharomycetes;Saccharomycetales;Family_NA;Candida,26
DAH_CF_ITS,Pseudo_P02,Eukarya;Fungi_Ascomycota;Saccharomycetes;Saccharomycetales;Family_NA;Candida;africana,1
DAH_CF_ITS,Pseudo_P02,Eukarya;Fungi_Ascomycota;Saccharomycetes;Saccharomycetales;Family_NA;Candida;albicans,5
DAH_CF_ITS,Pseudo_P02,Eukarya;Fungi_Ascomycota;Saccharomycetes;Saccharomycetales;Family_NA;Candida;dubliniensis,27038
DAH_CF_ITS,Pseudo_P02,Eukarya;Fungi_Ascomycota;Saccharomycetes;Saccharomycetales;Pichiaceae;Pichia;jadinii,1
DAH_CF_ITS,Pseudo_P02,Eukarya;Fungi_Ascomycota;Schizosaccharomycetes;Schizosaccharomycetales;Schizosaccharomycetaceae;Schizosaccharomyces;pombe,3
DAH_CF_ITS,Pseudo_P02,Eukarya;Fungi_NA;Class_NA;Order_NA;Family_NA;Genus_NA;unculturedfungus,2
DAH_CF_ITS,Pseudo_P02,Unknown,1
DAH_CF_ITS,Pseudo_P03,Eukarya,23
DAH_CF_ITS,Pseudo_P03,Eukarya;Fungi_Ascomycota,3
DAH_CF_ITS,Pseudo_P03,Eukarya;Fungi_Ascomycota;Class_NA;Order_NA;Family_NA;Genus_NA;unculturedAscomycota,9
DAH_CF_ITS,Pseudo_P03,Eukarya;Fungi_Ascomycota;Eurotiomycetes;Eurotiales;Trichocomaceae;Aspergillus;unguis,2
DAH_CF_ITS,Pseudo_P03,Eukarya;Fungi_Ascomycota;Eurotiomycetes;Eurotiales;Trichocomaceae;Emericella;nidulans,1605
DAH_CF_ITS,Pseudo_P03,Eukarya;Fungi_Ascomycota;Eurotiomycetes;Eurotiales;Trichocomaceae;Penicillium;corylophilum,1
DAH_CF_ITS,Pseudo_P03,Eukarya;Fungi_Ascomycota;Saccharomycetes;Saccharomycetales;Family_NA;Candida,5521
DAH_CF_ITS,Pseudo_P03,Eukarya;Fungi_Ascomycota;Saccharomycetes;Saccharomycetales;Family_NA;Candida;africana,31
DAH_CF_ITS,Pseudo_P03,Eukarya;Fungi_Ascomycota;Saccharomycetes;Saccharomycetales;Family_NA;Candida;albicans,110
DAH_CF_ITS,Pseudo_P03,Eukarya;Fungi_Ascomycota;Saccharomycetes;Saccharomycetales;Family_NA;Candida;dubliniensis,10
DAH_CF_ITS,Pseudo_P03,Eukarya;Fungi_Ascomycota;Saccharomycetes;Saccharomycetales;Family_NA;Candida;parapsilosis,15550
DAH_CF_ITS,Pseudo_P03,Eukarya;Fungi_Ascomycota;Saccharomycetes;Saccharomycetales;Family_NA;Candida;tropicalis,2
DAH_CF_ITS,Pseudo_P03,Eukarya;Fungi_Ascomycota;Saccharomycetes;Saccharomycetales;Family_NA;Candida;unculturedfungus,8
DAH_CF_ITS,Pseudo_P03,Eukarya;Fungi_Ascomycota;Schizosaccharomycetes;Schizosaccharomycetales;Schizosaccharomycetaceae;Schizosaccharomyces;pombe,26
DAH_CF_ITS,Pseudo_P03,Eukarya;Fungi_Basidiomycota;Agaricomycetes;Hymenochaetales;Schizoporaceae;Hyphodontia;flavipora,1
DAH_CF_ITS,Pseudo_P03,Eukarya;Fungi_Basidiomycota;Class_NA;Malasseziales;Family_NA;Malassezia;sp_LCP_2008a,5
DAH_CF_ITS,Pseudo_P03,Eukarya;Fungi_Basidiomycota;Class_NA;Order_NA;Family_NA;Genus_NA,1
DAH_CF_ITS,Pseudo_P03,Eukarya;Fungi_Basidiomycota;Class_NA;Order_NA;Family_NA;Genus_NA;unculturedBasidiomycota,14
DAH_CF_ITS,Pseudo_P03,Eukarya;Fungi_Basidiomycota;Microbotryomycetes;Sporidiobolales;Family_NA;Rhodotorula;mucilaginosa,1
DAH_CF_ITS,Pseudo_P03,Eukarya;Fungi_NA;Class_NA;Order_NA;Family_NA;Genus_NA,3
DAH_CF_ITS,Pseudo_P03,Eukarya;Fungi_NA;Class_NA;Order_NA;Family_NA;Genus_NA;fungal_sp_mh14853,1
DAH_CF_ITS,Pseudo_P03,Eukarya;Fungi_NA;Class_NA;Order_NA;Family_NA;Genus_NA;unculturedfungus,99
DAH_CF_ITS,Pseudo_P03,Unknown,1
DAH_CF_ITS,Pseudo_P04,Eukarya;Fungi_Ascomycota;Saccharomycetes;Saccharomycetales;Family_NA;Candida,17
DAH_CF_ITS,Pseudo_P04,Eukarya;Fungi_Ascomycota;Saccharomycetes;Saccharomycetales;Family_NA;Candida;albicans,13
DAH_CF_ITS,Pseudo_P04,Eukarya;Fungi_Ascomycota;Saccharomycetes;Saccharomycetales;Family_NA;Candida;dubliniensis,139
DAH_CF_ITS,Pseudo_P04,Eukarya;Fungi_Ascomycota;Saccharomycetes;Saccharomycetales;Family_NA;Candida;sp_AS_23073,1
DAH_CF_ITS,Pseudo_P04,Eukarya;Fungi_Ascomycota;Saccharomycetes;Saccharomycetales;Metschnikowiaceae;Clavispora;lusitaniae,34520
DAH_CF_ITS,Pseudo_P04,Eukarya;Fungi_NA;Class_NA;Order_NA;Family_NA;Genus_NA;unculturedfungus,1
DAH_CF_ITS,Pseudo_P04,Unknown,1
DAH_CF_ITS,Pseudo_P06,Eukarya,368
DAH_CF_ITS,Pseudo_P06,Eukarya;Fungi_Ascomycota,28
DAH_CF_ITS,Pseudo_P06,Eukarya;Fungi_Ascomycota;Class_NA;Order_NA;Family_NA;Tritirachium;dependens,7
DAH_CF_ITS,Pseudo_P06,Eukarya;Fungi_Ascomycota;Eurotiomycetes;Eurotiales;Trichocomaceae;Aspergillus;unguis,7
DAH_CF_ITS,Pseudo_P06,Eukarya;Fungi_Ascomycota;Eurotiomycetes;Eurotiales;Trichocomaceae;Emericella,80
DAH_CF_ITS,Pseudo_P06,Eukarya;Fungi_Ascomycota;Eurotiomycetes;Eurotiales;Trichocomaceae;Emericella;nidulans,13
DAH_CF_ITS,Pseudo_P06,Eukarya;Fungi_Ascomycota;Eurotiomycetes;Eurotiales;Trichocomaceae;Emericella;nidulans_var_lata,1
DAH_CF_ITS,Pseudo_P06,Eukarya;Fungi_Ascomycota;Eurotiomycetes;Eurotiales;Trichocomaceae;Eurotium;amstelodami,3
DAH_CF_ITS,Pseudo_P06,Eukarya;Fungi_Ascomycota;Pezizomycetes;Pezizales;Sarcoscyphaceae;Phillipsia;domingensis,44
DAH_CF_ITS,Pseudo_P06,Eukarya;Fungi_Ascomycota;Saccharomycetes;Saccharomycetales,13
DAH_CF_ITS,Pseudo_P06,Eukarya;Fungi_Ascomycota;Saccharomycetes;Saccharomycetales;Family_NA;Candida,33135
DAH_CF_ITS,Pseudo_P06,Eukarya;Fungi_Ascomycota;Saccharomycetes;Saccharomycetales;Family_NA;Candida;africana,91
DAH_CF_ITS,Pseudo_P06,Eukarya;Fungi_Ascomycota;Saccharomycetes;Saccharomycetales;Family_NA;Candida;albicans,152
DAH_CF_ITS,Pseudo_P06,Eukarya;Fungi_Ascomycota;Saccharomycetes;Saccharomycetales;Family_NA;Candida;dubliniensis,5
DAH_CF_ITS,Pseudo_P06,Eukarya;Fungi_Ascomycota;Saccharomycetes;Saccharomycetales;Family_NA;Candida;parapsilosis,13
DAH_CF_ITS,Pseudo_P06,Eukarya;Fungi_Ascomycota;Saccharomycetes;Saccharomycetales;Family_NA;Wickerhamomyces;anomalus,3
DAH_CF_ITS,Pseudo_P06,Eukarya;Fungi_Ascomycota;Saccharomycetes;Saccharomycetales;Metschnikowiaceae;Clavispora;lusitaniae,24
DAH_CF_ITS,Pseudo_P06,Eukarya;Fungi_Ascomycota;Saccharomycetes;Saccharomycetales;Pichiaceae;Pichia;sp_1_TMS_2011,12
DAH_CF_ITS,Pseudo_P06,Eukarya;Fungi_Ascomycota;Saccharomycetes;Saccharomycetales;Saccharomycetaceae;Saccharomyces;cerevisiae,48
DAH_CF_ITS,Pseudo_P06,Eukarya;Fungi_Ascomycota;Schizosaccharomycetes;Schizosaccharomycetales;Schizosaccharomycetaceae;Schizosaccharomyces;pombe,13
DAH_CF_ITS,Pseudo_P06,Eukarya;Fungi_Ascomycota;Sordariomycetes;Order_NA;Plectosphaerellaceae;Plectosphaerella,3
DAH_CF_ITS,Pseudo_P06,Eukarya;Fungi_Basidiomycota;Agaricomycetes;Agaricales;Marasmiaceae;Marasmius;tenuissimus,14
DAH_CF_ITS,Pseudo_P06,Eukarya;Fungi_Basidiomycota;Agaricomycetes;Agaricales;Schizophyllaceae;Schizophyllum,1
DAH_CF_ITS,Pseudo_P06,Eukarya;Fungi_Basidiomycota;Agaricomycetes;Agaricales;Schizophyllaceae;Schizophyllum;commune,75
DAH_CF_ITS,Pseudo_P06,Eukarya;Fungi_Basidiomycota;Agaricomycetes;Hymenochaetales;Hymenochaetaceae;Hymenochaete;sallei,10
DAH_CF_ITS,Pseudo_P06,Eukarya;Fungi_Basidiomycota;Agaricomycetes;Hymenochaetales;Schizoporaceae;Oxyporus;subpopulinus,1
DAH_CF_ITS,Pseudo_P06,Eukarya;Fungi_Basidiomycota;Agaricomycetes;Polyporales;Fomitopsidaceae;Piptoporus;betulinus,40
DAH_CF_ITS,Pseudo_P06,Eukarya;Fungi_Basidiomycota;Agaricomycetes;Polyporales;Hapalopilaceae;Ceriporiopsis;sp_olrim4,5
DAH_CF_ITS,Pseudo_P06,Eukarya;Fungi_Basidiomycota;Agaricomycetes;Polyporales;Meripilaceae;Rigidoporus;Oxyporus_corticola,11
DAH_CF_ITS,Pseudo_P06,Eukarya;Fungi_Basidiomycota;Agaricomycetes;Polyporales;Phanerochaetaceae;Genus_NA;Phanerochaetaceae_sp_ZLY_2010,17
DAH_CF_ITS,Pseudo_P06,Eukarya;Fungi_Basidiomycota;Class_NA;Malasseziales;Family_NA;Malassezia;sp_LCP_2008a,22
DAH_CF_ITS,Pseudo_P06,Eukarya;Fungi_Basidiomycota;Class_NA;Order_NA;Family_NA;Genus_NA;unculturedBasidiomycota,375
DAH_CF_ITS,Pseudo_P06,Eukarya;Fungi_NA;Class_NA;Order_NA;Family_NA;Genus_NA,150
DAH_CF_ITS,Pseudo_P06,Eukarya;Fungi_NA;Class_NA;Order_NA;Family_NA;Genus_NA;fungal_sp_mh14853,1
DAH_CF_ITS,Pseudo_P06,Eukarya;Fungi_NA;Class_NA;Order_NA;Family_NA;Genus_NA;unculturedfungus,637
DAH_CF_ITS,Pseudo_P06,Unknown,1
DAH_CF_ITS,Pseudo_P08,Eukarya,244
DAH_CF_ITS,Pseudo_P08,Eukarya;Fungi_Ascomycota,113
DAH_CF_ITS,Pseudo_P08,Eukarya;Fungi_Ascomycota;Class_NA;Order_NA;Family_NA;Genus_NA;unculturedPezizomycotina,9
DAH_CF_ITS,Pseudo_P08,Eukarya;Fungi_Ascomycota;Dothideomycetes,2
DAH_CF_ITS,Pseudo_P08,Eukarya;Fungi_Ascomycota;Dothideomycetes;Pleosporales;Pleosporaceae;Epicoccum;sp_ASR_245,1
DAH_CF_ITS,Pseudo_P08,Eukarya;Fungi_Ascomycota;Eurotiomycetes;Eurotiales;Trichocomaceae;Aspergillus,15
DAH_CF_ITS,Pseudo_P08,Eukarya;Fungi_Ascomycota;Eurotiomycetes;Eurotiales;Trichocomaceae;Aspergillus;sp_7_MM_2011,1
DAH_CF_ITS,Pseudo_P08,Eukarya;Fungi_Ascomycota;Eurotiomycetes;Eurotiales;Trichocomaceae;Emericella;nidulans,560
DAH_CF_ITS,Pseudo_P08,Eukarya;Fungi_Ascomycota;Leotiomycetes;Helotiales;Family_NA;Genus_NA;unculturedectomycorrhizal_fungus,1
DAH_CF_ITS,Pseudo_P08,Eukarya;Fungi_Ascomycota;Leotiomycetes;Thelebolales;Thelebolaceae;Genus_NA;unculturedThelebolaceae,1
DAH_CF_ITS,Pseudo_P08,Eukarya;Fungi_Ascomycota;Saccharomycetes;Saccharomycetales,4
DAH_CF_ITS,Pseudo_P08,Eukarya;Fungi_Ascomycota;Saccharomycetes;Saccharomycetales;Family_NA;Candida,30480
DAH_CF_ITS,Pseudo_P08,Eukarya;Fungi_Ascomycota;Saccharomycetes;Saccharomycetales;Family_NA;Candida;africana,103
DAH_CF_ITS,Pseudo_P08,Eukarya;Fungi_Ascomycota;Saccharomycetes;Saccharomycetales;Family_NA;Candida;albicans,161
DAH_CF_ITS,Pseudo_P08,Eukarya;Fungi_Ascomycota;Saccharomycetes;Saccharomycetales;Family_NA;Candida;dubliniensis,40
DAH_CF_ITS,Pseudo_P08,Eukarya;Fungi_Ascomycota;Saccharomycetes;Saccharomycetales;Family_NA;Candida;parapsilosis,6
DAH_CF_ITS,Pseudo_P08,Eukarya;Fungi_Ascomycota;Saccharomycetes;Saccharomycetales;Metschnikowiaceae;Clavispora;lusitaniae,16
DAH_CF_ITS,Pseudo_P08,Eukarya;Fungi_Ascomycota;Schizosaccharomycetes;Schizosaccharomycetales;Schizosaccharomycetaceae;Schizosaccharomyces;pombe,4
DAH_CF_ITS,Pseudo_P08,Eukarya;Fungi_Ascomycota;Sordariomycetes;Hypocreales;Family_NA;Genus_NA;unculturedHypocreales,1
DAH_CF_ITS,Pseudo_P08,Eukarya;Fungi_Ascomycota;Sordariomycetes;Hypocreales;Nectriaceae,1
DAH_CF_ITS,Pseudo_P08,Eukarya;Fungi_Basidiomycota;Agaricomycetes;Agaricales;Tricholomataceae;Clitocybe;Lepista_nebularis,8
DAH_CF_ITS,Pseudo_P08,Eukarya;Fungi_Basidiomycota;Agaricomycetes;Polyporales;Family_NA;Genus_NA;fungal_sp_212g,11
DAH_CF_ITS,Pseudo_P08,Eukarya;Fungi_Basidiomycota;Agaricomycetes;Polyporales;Meripilaceae;Rigidoporus;Oxyporus_corticola,7
DAH_CF_ITS,Pseudo_P08,Eukarya;Fungi_Basidiomycota;Agaricomycetes;Polyporales;Polyporaceae;Trametes;pubescens,6
DAH_CF_ITS,Pseudo_P08,Eukarya;Fungi_Basidiomycota;Class_NA;Malasseziales;Family_NA;Genus_NA;unculturedMalasseziales,27
DAH_CF_ITS,Pseudo_P08,Eukarya;Fungi_Basidiomycota;Class_NA;Malasseziales;Family_NA;Malassezia;sp_LCP_2008a,60
DAH_CF_ITS,Pseudo_P08,Eukarya;Fungi_Basidiomycota;Class_NA;Order_NA;Family_NA;Genus_NA;unculturedBasidiomycota,81
DAH_CF_ITS,Pseudo_P08,Eukarya;Fungi_Basidiomycota;Tremellomycetes;Filobasidiales;Filobasidiaceae;Cryptococcus;curvatus,33
DAH_CF_ITS,Pseudo_P08,Eukarya;Fungi_Basidiomycota;Ustilaginomycetes;Ustilaginales;Ustilaginaceae;Ustilago;syntherismae,4
DAH_CF_ITS,Pseudo_P08,Eukarya;Fungi_NA;Class_NA;Order_NA;Family_NA;Genus_NA;unculturedfungus,584
DAH_CF_ITS,Pseudo_P08,Unknown,335
DAH_CF_ITS,Pseudo_P09,Eukarya,94
DAH_CF_ITS,Pseudo_P09,Eukarya;Fungi_Ascomycota;Dothideomycetes;Order_NA;Family_NA;Genus_NA;Dothideomycetes_sp_genotype_257,1
DAH_CF_ITS,Pseudo_P09,Eukarya;Fungi_Ascomycota;Eurotiomycetes;Chaetothyriales;Family_NA;Genus_NA;Chaetothyriales_sp_NY6956a,1
DAH_CF_ITS,Pseudo_P09,Eukarya;Fungi_Ascomycota;Eurotiomycetes;Eurotiales;Trichocomaceae;Emericella;nidulans,9
DAH_CF_ITS,Pseudo_P09,Eukarya;Fungi_Ascomycota;Saccharomycetes;Saccharomycetales,1
DAH_CF_ITS,Pseudo_P09,Eukarya;Fungi_Ascomycota;Saccharomycetes;Saccharomycetales;Family_NA;Candida,7220
DAH_CF_ITS,Pseudo_P09,Eukarya;Fungi_Ascomycota;Saccharomycetes;Saccharomycetales;Family_NA;Candida;africana,24
DAH_CF_ITS,Pseudo_P09,Eukarya;Fungi_Ascomycota;Saccharomycetes;Saccharomycetales;Family_NA;Candida;albicans,187
DAH_CF_ITS,Pseudo_P09,Eukarya;Fungi_Ascomycota;Saccharomycetes;Saccharomycetales;Family_NA;Candida;dubliniensis,8071
DAH_CF_ITS,Pseudo_P09,Eukarya;Fungi_Ascomycota;Saccharomycetes;Saccharomycetales;Family_NA;Candida;intermedia,1
DAH_CF_ITS,Pseudo_P09,Eukarya;Fungi_Ascomycota;Saccharomycetes;Saccharomycetales;Family_NA;Candida;parapsilosis,3
DAH_CF_ITS,Pseudo_P09,Eukarya;Fungi_Ascomycota;Saccharomycetes;Saccharomycetales;Family_NA;Candida;tropicalis,4
DAH_CF_ITS,Pseudo_P09,Eukarya;Fungi_Ascomycota;Saccharomycetes;Saccharomycetales;Saccharomycetaceae;Nakaseomyces;Candida_glabrata,11
DAH_CF_ITS,Pseudo_P09,Eukarya;Fungi_Ascomycota;Saccharomycetes;Saccharomycetales;Saccharomycetaceae;Saccharomyces;cerevisiae,7
DAH_CF_ITS,Pseudo_P09,Eukarya;Fungi_Ascomycota;Schizosaccharomycetes;Schizosaccharomycetales;Schizosaccharomycetaceae;Schizosaccharomyces;pombe,7
DAH_CF_ITS,Pseudo_P09,Eukarya;Fungi_Basidiomycota;Agaricomycetes;Polyporales;Meruliaceae;Phlebia;radiata,5
DAH_CF_ITS,Pseudo_P09,Eukarya;Fungi_Basidiomycota;Class_NA;Malasseziales;Family_NA;Genus_NA;unculturedMalasseziales,9
DAH_CF_ITS,Pseudo_P09,Eukarya;Fungi_Basidiomycota;Class_NA;Malasseziales;Family_NA;Malassezia;sp_LCP_2008a,17
DAH_CF_ITS,Pseudo_P09,Eukarya;Fungi_Basidiomycota;Class_NA;Order_NA;Family_NA;Genus_NA;unculturedBasidiomycota,69
DAH_CF_ITS,Pseudo_P09,Eukarya;Fungi_Basidiomycota;Microbotryomycetes;Sporidiobolales;Family_NA;Rhodotorula,3
DAH_CF_ITS,Pseudo_P09,Eukarya;Fungi_NA;Class_NA;Order_NA;Family_NA;Genus_NA,3
DAH_CF_ITS,Pseudo_P09,Eukarya;Fungi_NA;Class_NA;Order_NA;Family_NA;Genus_NA;unculturedfungus,142
DAH_CF_ITS,Pseudo_P09,Unknown,1191
DAH_CF_ITS,Pseudo_X01,Eukarya,198
DAH_CF_ITS,Pseudo_X01,Eukarya;Fungi_Ascomycota,36
DAH_CF_ITS,Pseudo_X01,Eukarya;Fungi_Ascomycota;Class_NA;Order_NA;Family_NA;Genus_NA;agaricomycete_sp_7406,8
DAH_CF_ITS,Pseudo_X01,Eukarya;Fungi_Ascomycota;Class_NA;Order_NA;Family_NA;Genus_NA;unculturedAscomycota,5
DAH_CF_ITS,Pseudo_X01,Eukarya;Fungi_Ascomycota;Class_NA;Order_NA;Family_NA;Genus_NA;unculturedPezizomycotina,2
DAH_CF_ITS,Pseudo_X01,Eukarya;Fungi_Ascomycota;Dothideomycetes;Pleosporales;Phaeosphaeriaceae;Ampelomyces;humuli,1
DAH_CF_ITS,Pseudo_X01,Eukarya;Fungi_Ascomycota;Dothideomycetes;Pleosporales;Phaeosphaeriaceae;Phaeosphaeriopsis;sp_TMS_2011,1
DAH_CF_ITS,Pseudo_X01,Eukarya;Fungi_Ascomycota;Dothideomycetes;Pleosporales;Pleosporaceae;Epicoccum;sp_ASR_245,2
DAH_CF_ITS,Pseudo_X01,Eukarya;Fungi_Ascomycota;Eurotiomycetes;Eurotiales;Trichocomaceae;Aspergillus,17
DAH_CF_ITS,Pseudo_X01,Eukarya;Fungi_Ascomycota;Eurotiomycetes;Eurotiales;Trichocomaceae;Emericella;nidulans,1989
DAH_CF_ITS,Pseudo_X01,Eukarya;Fungi_Ascomycota;Eurotiomycetes;Eurotiales;Trichocomaceae;Penicillium,1
DAH_CF_ITS,Pseudo_X01,Eukarya;Fungi_Ascomycota;Eurotiomycetes;Eurotiales;Trichocomaceae;Penicillium;corylophilum,1
DAH_CF_ITS,Pseudo_X01,Eukarya;Fungi_Ascomycota;Pezizomycetes;Pezizales;Sarcoscyphaceae;Phillipsia;domingensis,4
DAH_CF_ITS,Pseudo_X01,Eukarya;Fungi_Ascomycota;Saccharomycetes;Order_NA;Family_NA;Genus_NA;unculturedSaccharomycetales,1
DAH_CF_ITS,Pseudo_X01,Eukarya;Fungi_Ascomycota;Saccharomycetes;Saccharomycetales;Family_NA;Candida,13296
DAH_CF_ITS,Pseudo_X01,Eukarya;Fungi_Ascomycota;Saccharomycetes;Saccharomycetales;Family_NA;Candida;africana,185
DAH_CF_ITS,Pseudo_X01,Eukarya;Fungi_Ascomycota;Saccharomycetes;Saccharomycetales;Family_NA;Candida;albicans,466
DAH_CF_ITS,Pseudo_X01,Eukarya;Fungi_Ascomycota;Saccharomycetes;Saccharomycetales;Family_NA;Candida;dubliniensis,468
DAH_CF_ITS,Pseudo_X01,Eukarya;Fungi_Ascomycota;Saccharomycetes;Saccharomycetales;Family_NA;Candida;parapsilosis,2817
DAH_CF_ITS,Pseudo_X01,Eukarya;Fungi_Ascomycota;Saccharomycetes;Saccharomycetales;Family_NA;Candida;tropicalis,44
DAH_CF_ITS,Pseudo_X01,Eukarya;Fungi_Ascomycota;Saccharomycetes;Saccharomycetales;Family_NA;Candida;unculturedfungus,3
DAH_CF_ITS,Pseudo_X01,Eukarya;Fungi_Ascomycota;Saccharomycetes;Saccharomycetales;Family_NA;Wickerhamomyces;anomalus,2
DAH_CF_ITS,Pseudo_X01,Eukarya;Fungi_Ascomycota;Saccharomycetes;Saccharomycetales;Pichiaceae;Hyphopichia;pseudoburtonii,15
DAH_CF_ITS,Pseudo_X01,Eukarya;Fungi_Ascomycota;Saccharomycetes;Saccharomycetales;Pichiaceae;Pichia;sp_1_TMS_2011,2
DAH_CF_ITS,Pseudo_X01,Eukarya;Fungi_Ascomycota;Schizosaccharomycetes;Schizosaccharomycetales;Schizosaccharomycetaceae;Schizosaccharomyces;pombe,158
DAH_CF_ITS,Pseudo_X01,Eukarya;Fungi_Ascomycota;Sordariomycetes,3
DAH_CF_ITS,Pseudo_X01,Eukarya;Fungi_Ascomycota;Sordariomycetes;Order_NA;Plectosphaerellaceae;Plectosphaerella;cucumerina,3
DAH_CF_ITS,Pseudo_X01,Eukarya;Fungi_Basidiomycota;Agaricomycetes,2
DAH_CF_ITS,Pseudo_X01,Eukarya;Fungi_Basidiomycota;Agaricomycetes;Agaricales;Cortinariaceae;Crepidotus;cf_applanatus_PBM_717,10
DAH_CF_ITS,Pseudo_X01,Eukarya;Fungi_Basidiomycota;Agaricomycetes;Atheliales;Atheliaceae;Amphinema;sp_6_UK_2011,8
DAH_CF_ITS,Pseudo_X01,Eukarya;Fungi_Basidiomycota;Agaricomycetes;Hymenochaetales;Schizoporaceae;Hyphodontia;aspera,4
DAH_CF_ITS,Pseudo_X01,Eukarya;Fungi_Basidiomycota;Agaricomycetes;Hymenochaetales;Schizoporaceae;Hyphodontia;flavipora,5
DAH_CF_ITS,Pseudo_X01,Eukarya;Fungi_Basidiomycota;Agaricomycetes;Order_NA;Family_NA;Genus_NA;Agaricomycetes_sp_SPu6_1,3
DAH_CF_ITS,Pseudo_X01,Eukarya;Fungi_Basidiomycota;Agaricomycetes;Order_NA;Family_NA;Genus_NA;unculturedAgaricomycetes,11
DAH_CF_ITS,Pseudo_X01,Eukarya;Fungi_Basidiomycota;Agaricomycetes;Polyporales;Family_NA;Genus_NA;fungal_sp_212g,3
DAH_CF_ITS,Pseudo_X01,Eukarya;Fungi_Basidiomycota;Agaricomycetes;Polyporales;Family_NA;Genus_NA;Polyporales_sp_1_SR_2012,1
DAH_CF_ITS,Pseudo_X01,Eukarya;Fungi_Basidiomycota;Agaricomycetes;Polyporales;Fomitopsidaceae;Piptoporus;betulinus,2
DAH_CF_ITS,Pseudo_X01,Eukarya;Fungi_Basidiomycota;Agaricomycetes;Polyporales;Ganodermataceae;Genus_NA;unculturedGanoderma,14
DAH_CF_ITS,Pseudo_X01,Eukarya;Fungi_Basidiomycota;Agaricomycetes;Polyporales;Hapalopilaceae;Ceriporiopsis;sp_olrim4,11
DAH_CF_ITS,Pseudo_X01,Eukarya;Fungi_Basidiomycota;Agaricomycetes;Polyporales;Meripilaceae;Rigidoporus;Oxyporus_corticola,52
DAH_CF_ITS,Pseudo_X01,Eukarya;Fungi_Basidiomycota;Agaricomycetes;Polyporales;Meruliaceae;Flavodon;flavus,3
DAH_CF_ITS,Pseudo_X01,Eukarya;Fungi_Basidiomycota;Agaricomycetes;Polyporales;Polyporaceae;Perenniporia;subacida,2
DAH_CF_ITS,Pseudo_X01,Eukarya;Fungi_Basidiomycota;Agaricomycetes;Russulales;Auriscalpiaceae;Lentinellus;vulpinus,13
DAH_CF_ITS,Pseudo_X01,Eukarya;Fungi_Basidiomycota;Class_NA;Malasseziales;Family_NA;Genus_NA;unculturedMalasseziales,43
DAH_CF_ITS,Pseudo_X01,Eukarya;Fungi_Basidiomycota;Class_NA;Malasseziales;Family_NA;Malassezia;sp_LCP_2008a,42
DAH_CF_ITS,Pseudo_X01,Eukarya;Fungi_Basidiomycota;Class_NA;Order_NA;Family_NA;Genus_NA,1
DAH_CF_ITS,Pseudo_X01,Eukarya;Fungi_Basidiomycota;Class_NA;Order_NA;Family_NA;Genus_NA;unculturedBasidiomycota,164
DAH_CF_ITS,Pseudo_X01,Eukarya;Fungi_Basidiomycota;Microbotryomycetes;Order_NA;Family_NA;Genus_NA;Glaciozyma_martinii,5
DAH_CF_ITS,Pseudo_X01,Eukarya;Fungi_Basidiomycota;Microbotryomycetes;Sporidiobolales;Sporidiobolaceae;Sporidiobolus;johnsonii,1
DAH_CF_ITS,Pseudo_X01,Eukarya;Fungi_Basidiomycota;Pucciniomycetes;Pucciniales;Pucciniaceae;Puccinia;striiformis,1
DAH_CF_ITS,Pseudo_X01,Eukarya;Fungi_Basidiomycota;Tremellomycetes;Filobasidiales;Filobasidiaceae;Cryptococcus;albidus_var_diffluens,3
DAH_CF_ITS,Pseudo_X01,Eukarya;Fungi_Basidiomycota;Tremellomycetes;Filobasidiales;Filobasidiaceae;Filobasidium;capsuligenum,3
DAH_CF_ITS,Pseudo_X01,Eukarya;Fungi_Basidiomycota;Tremellomycetes;Tremellales;Trichosporonaceae;Trichosporon;loubieri,9
DAH_CF_ITS,Pseudo_X01,Eukarya;Fungi_NA;Class_NA;Order_NA;Family_NA;Genus_NA,32
DAH_CF_ITS,Pseudo_X01,Eukarya;Fungi_NA;Class_NA;Order_NA;Family_NA;Genus_NA;fungal_endophyte_sp_SS_743,1
DAH_CF_ITS,Pseudo_X01,Eukarya;Fungi_NA;Class_NA;Order_NA;Family_NA;Genus_NA;fungal_sp_mh14853,1
DAH_CF_ITS,Pseudo_X01,Eukarya;Fungi_NA;Class_NA;Order_NA;Family_NA;Genus_NA;unculturedfungus,1280
DAH_CF_ITS,Pseudo_X01,Unknown,918
DAH_CF_ITS,Pseudo_X02,Eukarya,51
DAH_CF_ITS,Pseudo_X02,Eukarya;Fungi_Ascomycota,7
DAH_CF_ITS,Pseudo_X02,Eukarya;Fungi_Ascomycota;Dothideomycetes,1
DAH_CF_ITS,Pseudo_X02,Eukarya;Fungi_Ascomycota;Dothideomycetes;Capnodiales;Mycosphaerellaceae;Cladosporium;cladosporioides,2
DAH_CF_ITS,Pseudo_X02,Eukarya;Fungi_Ascomycota;Eurotiomycetes;Eurotiales;Trichocomaceae;Emericella;nidulans,350
DAH_CF_ITS,Pseudo_X02,Eukarya;Fungi_Ascomycota;Saccharomycetes;Saccharomycetales;Family_NA;Candida,1027
DAH_CF_ITS,Pseudo_X02,Eukarya;Fungi_Ascomycota;Saccharomycetes;Saccharomycetales;Family_NA;Candida;africana,6
DAH_CF_ITS,Pseudo_X02,Eukarya;Fungi_Ascomycota;Saccharomycetes;Saccharomycetales;Family_NA;Candida;albicans,137
DAH_CF_ITS,Pseudo_X02,Eukarya;Fungi_Ascomycota;Saccharomycetes;Saccharomycetales;Family_NA;Candida;dubliniensis,21967
DAH_CF_ITS,Pseudo_X02,Eukarya;Fungi_Ascomycota;Saccharomycetes;Saccharomycetales;Family_NA;Candida;ethanolica,1
DAH_CF_ITS,Pseudo_X02,Eukarya;Fungi_Ascomycota;Saccharomycetes;Saccharomycetales;Family_NA;Candida;intermedia,2
DAH_CF_ITS,Pseudo_X02,Eukarya;Fungi_Ascomycota;Saccharomycetes;Saccharomycetales;Family_NA;Candida;parapsilosis,25
DAH_CF_ITS,Pseudo_X02,Eukarya;Fungi_Ascomycota;Schizosaccharomycetes;Schizosaccharomycetales;Schizosaccharomycetaceae;Schizosaccharomyces;pombe,44
DAH_CF_ITS,Pseudo_X02,Eukarya;Fungi_Ascomycota;Taphrinomycetes;Taphrinales;Taphrinaceae;Taphrina;carnea,2
DAH_CF_ITS,Pseudo_X02,Eukarya;Fungi_Basidiomycota;Agaricomycetes;Corticiales;Corticiaceae;Genus_NA;unculturedectomycorrhiza_(Corticiaceae),1
DAH_CF_ITS,Pseudo_X02,Eukarya;Fungi_Basidiomycota;Agaricomycetes;Polyporales;Fomitopsidaceae;Piptoporus;betulinus,2
DAH_CF_ITS,Pseudo_X02,Eukarya;Fungi_Basidiomycota;Agaricomycetes;Polyporales;Meruliaceae;Phlebia;serialis,1
DAH_CF_ITS,Pseudo_X02,Eukarya;Fungi_Basidiomycota;Agaricomycetes;Russulales;Peniophoraceae;Peniophora;sp_MY32EW2,1
DAH_CF_ITS,Pseudo_X02,Eukarya;Fungi_Basidiomycota;Class_NA;Malasseziales;Family_NA;Genus_NA;unculturedMalasseziales,1
DAH_CF_ITS,Pseudo_X02,Eukarya;Fungi_Basidiomycota;Class_NA;Malasseziales;Family_NA;Malassezia;sp_LCP_2008a,9
DAH_CF_ITS,Pseudo_X02,Eukarya;Fungi_Basidiomycota;Class_NA;Order_NA;Family_NA;Genus_NA,1
DAH_CF_ITS,Pseudo_X02,Eukarya;Fungi_Basidiomycota;Class_NA;Order_NA;Family_NA;Genus_NA;unculturedBasidiomycota,19
DAH_CF_ITS,Pseudo_X02,Eukarya;Fungi_Basidiomycota;Microbotryomycetes;Sporidiobolales;Family_NA;Sporobolomyces;foliicola,3
DAH_CF_ITS,Pseudo_X02,Eukarya;Fungi_NA;Class_NA;Order_NA;Family_NA;Genus_NA;unculturedfungus,316
DAH_CF_ITS,Pseudo_X02,Unknown,7
DAH_CF_ITS,Pseudo_X03,Eukarya,49
DAH_CF_ITS,Pseudo_X03,Eukarya;Fungi_Ascomycota,3
DAH_CF_ITS,Pseudo_X03,Eukarya;Fungi_Ascomycota;Class_NA;Order_NA;Family_NA;Genus_NA;unculturedAscomycota,7
DAH_CF_ITS,Pseudo_X03,Eukarya;Fungi_Ascomycota;Class_NA;Order_NA;Family_NA;Genus_NA;unculturedPezizomycotina,2
DAH_CF_ITS,Pseudo_X03,Eukarya;Fungi_Ascomycota;Eurotiomycetes;Eurotiales;Trichocomaceae;Emericella;nidulans,5
DAH_CF_ITS,Pseudo_X03,Eukarya;Fungi_Ascomycota;Eurotiomycetes;Eurotiales;Trichocomaceae;Penicillium,1
DAH_CF_ITS,Pseudo_X03,Eukarya;Fungi_Ascomycota;Eurotiomycetes;Eurotiales;Trichocomaceae;Penicillium;corylophilum,1
DAH_CF_ITS,Pseudo_X03,Eukarya;Fungi_Ascomycota;Leotiomycetes;Thelebolales;Thelebolaceae;Genus_NA;unculturedThelebolaceae,1
DAH_CF_ITS,Pseudo_X03,Eukarya;Fungi_Ascomycota;Pezizomycetes;Pezizales;Sarcoscyphaceae;Phillipsia;domingensis,3
DAH_CF_ITS,Pseudo_X03,Eukarya;Fungi_Ascomycota;Saccharomycetes;Saccharomycetales,4
DAH_CF_ITS,Pseudo_X03,Eukarya;Fungi_Ascomycota;Saccharomycetes;Saccharomycetales;Family_NA;Candida,5266
DAH_CF_ITS,Pseudo_X03,Eukarya;Fungi_Ascomycota;Saccharomycetes;Saccharomycetales;Family_NA;Candida;africana,44
DAH_CF_ITS,Pseudo_X03,Eukarya;Fungi_Ascomycota;Saccharomycetes;Saccharomycetales;Family_NA;Candida;albicans,2575
DAH_CF_ITS,Pseudo_X03,Eukarya;Fungi_Ascomycota;Saccharomycetes;Saccharomycetales;Family_NA;Candida;intermedia,11
DAH_CF_ITS,Pseudo_X03,Eukarya;Fungi_Ascomycota;Saccharomycetes;Saccharomycetales;Family_NA;Candida;labiduridarum,1
DAH_CF_ITS,Pseudo_X03,Eukarya;Fungi_Ascomycota;Saccharomycetes;Saccharomycetales;Family_NA;Candida;parapsilosis,17337
DAH_CF_ITS,Pseudo_X03,Eukarya;Fungi_Ascomycota;Saccharomycetes;Saccharomycetales;Family_NA;Candida;tropicalis,9
DAH_CF_ITS,Pseudo_X03,Eukarya;Fungi_Ascomycota;Saccharomycetes;Saccharomycetales;Family_NA;Candida;unculturedfungus,17
DAH_CF_ITS,Pseudo_X03,Eukarya;Fungi_Ascomycota;Schizosaccharomycetes;Schizosaccharomycetales;Schizosaccharomycetaceae;Schizosaccharomyces;pombe,70
DAH_CF_ITS,Pseudo_X03,Eukarya;Fungi_Basidiomycota;Agaricomycetes;Polyporales;Polyporaceae;Oligoporus;Postia_sericeomollis,6
DAH_CF_ITS,Pseudo_X03,Eukarya;Fungi_Basidiomycota;Class_NA;Malasseziales;Family_NA;Genus_NA;unculturedMalasseziales,3
DAH_CF_ITS,Pseudo_X03,Eukarya;Fungi_Basidiomycota;Class_NA;Malasseziales;Family_NA;Malassezia;sp_LCP_2008a,4
DAH_CF_ITS,Pseudo_X03,Eukarya;Fungi_Basidiomycota;Class_NA;Order_NA;Family_NA;Genus_NA;unculturedBasidiomycota,34
DAH_CF_ITS,Pseudo_X03,Eukarya;Fungi_Basidiomycota;Microbotryomycetes;Sporidiobolales;Family_NA;Rhodotorula,3
DAH_CF_ITS,Pseudo_X03,Eukarya;Fungi_Basidiomycota;Ustilaginomycetes;Ustilaginales;Ustilaginaceae;Ustilago;syntherismae,7
DAH_CF_ITS,Pseudo_X03,Eukarya;Fungi_NA;Class_NA;Order_NA;Family_NA;Genus_NA;fungal_sp_YNLF_26,1
DAH_CF_ITS,Pseudo_X03,Eukarya;Fungi_NA;Class_NA;Order_NA;Family_NA;Genus_NA;unculturedfungus,313
DAH_CF_ITS,Pseudo_X03,Eukarya;Fungi_NA;Class_NA;Order_NA;Family_NA;Genus_NA;unculturedsoil_fungus,1
DAH_CF_ITS,Pseudo_X03,Unknown,7
DAH_CF_ITS,Pseudo_X04,Eukarya,29
DAH_CF_ITS,Pseudo_X04,Eukarya;Fungi_Ascomycota;Saccharomycetes;Saccharomycetales;Family_NA;Candida,382
DAH_CF_ITS,Pseudo_X04,Eukarya;Fungi_Ascomycota;Saccharomycetes;Saccharomycetales;Family_NA;Candida;albicans,2
DAH_CF_ITS,Pseudo_X04,Eukarya;Fungi_Ascomycota;Saccharomycetes;Saccharomycetales;Family_NA;Candida;dubliniensis,20
DAH_CF_ITS,Pseudo_X04,Eukarya;Fungi_Ascomycota;Saccharomycetes;Saccharomycetales;Metschnikowiaceae;Clavispora;lusitaniae,8298
DAH_CF_ITS,Pseudo_X04,Unknown,1
DAH_CF_ITS,Pseudo_X06,Eukarya,383
DAH_CF_ITS,Pseudo_X06,Eukarya;Fungi_Ascomycota;Eurotiomycetes;Eurotiales;Trichocomaceae;Aspergillus;sp_LH5,4
DAH_CF_ITS,Pseudo_X06,Eukarya;Fungi_Ascomycota;Eurotiomycetes;Eurotiales;Trichocomaceae;Emericella;nidulans,47
DAH_CF_ITS,Pseudo_X06,Eukarya;Fungi_Ascomycota;Saccharomycetes;Saccharomycetales,1
DAH_CF_ITS,Pseudo_X06,Eukarya;Fungi_Ascomycota;Saccharomycetes;Saccharomycetales;Family_NA;Candida,6195
DAH_CF_ITS,Pseudo_X06,Eukarya;Fungi_Ascomycota;Saccharomycetes;Saccharomycetales;Family_NA;Candida;africana,28
DAH_CF_ITS,Pseudo_X06,Eukarya;Fungi_Ascomycota;Saccharomycetes;Saccharomycetales;Family_NA;Candida;albicans,66
DAH_CF_ITS,Pseudo_X06,Eukarya;Fungi_Ascomycota;Saccharomycetes;Saccharomycetales;Family_NA;Candida;dubliniensis,1472
DAH_CF_ITS,Pseudo_X06,Eukarya;Fungi_Ascomycota;Saccharomycetes;Saccharomycetales;Family_NA;Candida;tropicalis,476
DAH_CF_ITS,Pseudo_X06,Eukarya;Fungi_Ascomycota;Saccharomycetes;Saccharomycetales;Family_NA;Candida;unculturedfungus,1
DAH_CF_ITS,Pseudo_X06,Eukarya;Fungi_Ascomycota;Saccharomycetes;Saccharomycetales;Metschnikowiaceae;Clavispora;lusitaniae,46
DAH_CF_ITS,Pseudo_X06,Eukarya;Fungi_Ascomycota;Saccharomycetes;Saccharomycetales;Saccharomycetaceae;Nakaseomyces;Candida_glabrata,1
DAH_CF_ITS,Pseudo_X06,Eukarya;Fungi_Ascomycota;Saccharomycetes;Saccharomycetales;Saccharomycetaceae;Saccharomyces;cerevisiae,102
DAH_CF_ITS,Pseudo_X06,Eukarya;Fungi_Basidiomycota;Agaricomycetes;Polyporales;Fomitopsidaceae;Piptoporus;betulinus,25
DAH_CF_ITS,Pseudo_X06,Eukarya;Fungi_Basidiomycota;Class_NA;Malasseziales;Family_NA;Genus_NA;unculturedMalasseziales,291
DAH_CF_ITS,Pseudo_X06,Eukarya;Fungi_Basidiomycota;Class_NA;Malasseziales;Family_NA;Malassezia;sp_LCP_2008a,285
DAH_CF_ITS,Pseudo_X06,Eukarya;Fungi_Basidiomycota;Class_NA;Order_NA;Family_NA;Genus_NA,5
DAH_CF_ITS,Pseudo_X06,Eukarya;Fungi_Basidiomycota;Class_NA;Order_NA;Family_NA;Genus_NA;unculturedBasidiomycota,333
DAH_CF_ITS,Pseudo_X06,Eukarya;Fungi_Basidiomycota;Tremellomycetes;Filobasidiales;Filobasidiaceae;Cryptococcus;paraflavus,22
DAH_CF_ITS,Pseudo_X06,Eukarya;Fungi_NA;Class_NA;Order_NA;Family_NA;Genus_NA,31
DAH_CF_ITS,Pseudo_X06,Eukarya;Fungi_NA;Class_NA;Order_NA;Family_NA;Genus_NA;unculturedfungus,653
DAH_CF_ITS,Pseudo_X06,Eukarya;Fungi_NA;Class_NA;Order_NA;Family_NA;Genus_NA;unculturedsoil_fungus,1
DAH_CF_ITS,Pseudo_X06,Unknown,410
DAH_CF_ITS,Pseudo_X08,Eukarya,336
DAH_CF_ITS,Pseudo_X08,Eukarya;Fungi_Ascomycota;Class_NA;Order_NA;Family_NA;Genus_NA;agaricomycete_sp_7406,5
DAH_CF_ITS,Pseudo_X08,Eukarya;Fungi_Ascomycota;Eurotiomycetes;Eurotiales;Trichocomaceae;Emericella;nidulans,7
DAH_CF_ITS,Pseudo_X08,Eukarya;Fungi_Ascomycota;Saccharomycetes;Saccharomycetales,20
DAH_CF_ITS,Pseudo_X08,Eukarya;Fungi_Ascomycota;Saccharomycetes;Saccharomycetales;Family_NA;Candida,8960
DAH_CF_ITS,Pseudo_X08,Eukarya;Fungi_Ascomycota;Saccharomycetes;Saccharomycetales;Family_NA;Candida;africana,11
DAH_CF_ITS,Pseudo_X08,Eukarya;Fungi_Ascomycota;Saccharomycetes;Saccharomycetales;Family_NA;Candida;albicans,44
DAH_CF_ITS,Pseudo_X08,Eukarya;Fungi_Ascomycota;Saccharomycetes;Saccharomycetales;Family_NA;Candida;dubliniensis,683
DAH_CF_ITS,Pseudo_X08,Eukarya;Fungi_Ascomycota;Saccharomycetes;Saccharomycetales;Family_NA;Candida;parapsilosis,17
DAH_CF_ITS,Pseudo_X08,Eukarya;Fungi_Ascomycota;Saccharomycetes;Saccharomycetales;Metschnikowiaceae;Clavispora;lusitaniae,1
DAH_CF_ITS,Pseudo_X08,Eukarya;Fungi_Ascomycota;Saccharomycetes;Saccharomycetales;Saccharomycetaceae;Debaryomyces;hansenii,3
DAH_CF_ITS,Pseudo_X08,Eukarya;Fungi_Ascomycota;Saccharomycetes;Saccharomycetales;Saccharomycetaceae;Nakaseomyces;Candida_glabrata,1
DAH_CF_ITS,Pseudo_X08,Eukarya;Fungi_Ascomycota;Saccharomycetes;Saccharomycetales;Saccharomycetaceae;Saccharomyces;cerevisiae,1
DAH_CF_ITS,Pseudo_X08,Eukarya;Fungi_Ascomycota;Schizosaccharomycetes;Schizosaccharomycetales;Schizosaccharomycetaceae;Schizosaccharomyces;pombe,2
DAH_CF_ITS,Pseudo_X08,Eukarya;Fungi_Basidiomycota;Agaricomycetes;Polyporales;Family_NA;Genus_NA;fungal_sp_212g,19
DAH_CF_ITS,Pseudo_X08,Eukarya;Fungi_Basidiomycota;Class_NA;Order_NA;Family_NA;Genus_NA,1
DAH_CF_ITS,Pseudo_X08,Eukarya;Fungi_Basidiomycota;Class_NA;Order_NA;Family_NA;Genus_NA;unculturedBasidiomycota,90
DAH_CF_ITS,Pseudo_X08,Eukarya;Fungi_Basidiomycota;Tremellomycetes;Tremellales;Exidiaceae;Sebacina;calcea,13
DAH_CF_ITS,Pseudo_X08,Eukarya;Fungi_Basidiomycota;Tremellomycetes;Tremellales;Trichosporonaceae;Trichosporon;loubieri,3
DAH_CF_ITS,Pseudo_X08,Eukarya;Fungi_NA;Class_NA;Order_NA;Family_NA;Genus_NA;fungal_sp_mh14853,3
DAH_CF_ITS,Pseudo_X08,Eukarya;Fungi_NA;Class_NA;Order_NA;Family_NA;Genus_NA;unculturedfungus,179
DAH_CF_ITS,Pseudo_X08,Eukarya;Fungi_NA;Class_NA;Order_NA;Family_NA;Genus_NA;unculturedsoil_fungus,1
DAH_CF_ITS,Pseudo_X08,Unknown,422
DAH_CF_ITS,Pseudo_X09,Eukarya,37
DAH_CF_ITS,Pseudo_X09,Eukarya;Fungi_Ascomycota,7
DAH_CF_ITS,Pseudo_X09,Eukarya;Fungi_Ascomycota;Class_NA;Order_NA;Family_NA;Genus_NA;unculturedPezizomycotina,1
DAH_CF_ITS,Pseudo_X09,Eukarya;Fungi_Ascomycota;Dothideomycetes;Pleosporales;Pleosporaceae;Alternaria;triticina,1
DAH_CF_ITS,Pseudo_X09,Eukarya;Fungi_Ascomycota;Eurotiomycetes;Eurotiales;Trichocomaceae;Emericella;nidulans,1947
DAH_CF_ITS,Pseudo_X09,Eukarya;Fungi_Ascomycota;Eurotiomycetes;Eurotiales;Trichocomaceae;Penicillium,2
DAH_CF_ITS,Pseudo_X09,Eukarya;Fungi_Ascomycota;Saccharomycetes;Saccharomycetales,1
DAH_CF_ITS,Pseudo_X09,Eukarya;Fungi_Ascomycota;Saccharomycetes;Saccharomycetales;Dipodascaceae;Dipodascus;australiensis,1
DAH_CF_ITS,Pseudo_X09,Eukarya;Fungi_Ascomycota;Saccharomycetes;Saccharomycetales;Family_NA;Candida,1169
DAH_CF_ITS,Pseudo_X09,Eukarya;Fungi_Ascomycota;Saccharomycetes;Saccharomycetales;Family_NA;Candida;africana,3
DAH_CF_ITS,Pseudo_X09,Eukarya;Fungi_Ascomycota;Saccharomycetes;Saccharomycetales;Family_NA;Candida;albicans,71
DAH_CF_ITS,Pseudo_X09,Eukarya;Fungi_Ascomycota;Saccharomycetes;Saccharomycetales;Family_NA;Candida;dubliniensis,18670
DAH_CF_ITS,Pseudo_X09,Eukarya;Fungi_Ascomycota;Saccharomycetes;Saccharomycetales;Family_NA;Candida;ethanolica,20
DAH_CF_ITS,Pseudo_X09,Eukarya;Fungi_Ascomycota;Saccharomycetes;Saccharomycetales;Family_NA;Candida;humilis,1
DAH_CF_ITS,Pseudo_X09,Eukarya;Fungi_Ascomycota;Saccharomycetes;Saccharomycetales;Metschnikowiaceae;Clavispora;lusitaniae,2
DAH_CF_ITS,Pseudo_X09,Eukarya;Fungi_Ascomycota;Saccharomycetes;Saccharomycetales;Pichiaceae,1
DAH_CF_ITS,Pseudo_X09,Eukarya;Fungi_Ascomycota;Saccharomycetes;Saccharomycetales;Pichiaceae;Dekkera;anomala,18
DAH_CF_ITS,Pseudo_X09,Eukarya;Fungi_Ascomycota;Saccharomycetes;Saccharomycetales;Pichiaceae;Pichia;fermentans,2
DAH_CF_ITS,Pseudo_X09,Eukarya;Fungi_Ascomycota;Saccharomycetes;Saccharomycetales;Pichiaceae;Pichia;jadinii,3
DAH_CF_ITS,Pseudo_X09,Eukarya;Fungi_Ascomycota;Saccharomycetes;Saccharomycetales;Pichiaceae;Pichia;kudriavzevii,2
DAH_CF_ITS,Pseudo_X09,Eukarya;Fungi_Ascomycota;Sordariomycetes;Order_NA;Plectosphaerellaceae;Plectosphaerella;cucumerina,3
DAH_CF_ITS,Pseudo_X09,Eukarya;Fungi_Ascomycota;Sordariomycetes;Order_NA;Plectosphaerellaceae;Verticillium;tricorpus,3
DAH_CF_ITS,Pseudo_X09,Eukarya;Fungi_Basidiomycota;Class_NA;Malasseziales;Family_NA;Malassezia;sp_LCP_2008a,5
DAH_CF_ITS,Pseudo_X09,Eukarya;Fungi_Basidiomycota;Class_NA;Order_NA;Family_NA;Genus_NA;unculturedBasidiomycota,5
DAH_CF_ITS,Pseudo_X09,Eukarya;Fungi_Basidiomycota;Exobasidiomycetes;Entylomatales;Family_NA;Genus_NA;Tilletiopsis_washingtonensis,2
DAH_CF_ITS,Pseudo_X09,Eukarya;Fungi_Basidiomycota;Tremellomycetes;Order_NA;Family_NA;Genus_NA;unculturedTremellomycetes,9
DAH_CF_ITS,Pseudo_X09,Eukarya;Fungi_Basidiomycota;Tremellomycetes;Tremellales;Trichosporonaceae;Trichosporon,1
DAH_CF_ITS,Pseudo_X09,Eukarya;Fungi_NA;Class_NA;Order_NA;Family_NA;Genus_NA;unculturedcompost_fungus,5
DAH_CF_ITS,Pseudo_X09,Eukarya;Fungi_NA;Class_NA;Order_NA;Family_NA;Genus_NA;unculturedendophytic_fungus,2
DAH_CF_ITS,Pseudo_X09,Eukarya;Fungi_NA;Class_NA;Order_NA;Family_NA;Genus_NA;unculturedfungus,40
DAH_CF_ITS,Pseudo_X09,Unknown,1876
DAH_CF_ITS,Sputum_042512_A,Eukarya,187
DAH_CF_ITS,Sputum_042512_A,Eukarya;Fungi_Ascomycota,9
DAH_CF_ITS,Sputum_042512_A,Eukarya;Fungi_Ascomycota;Class_NA;Order_NA;Family_NA;Genus_NA;unculturedAscomycota,6
DAH_CF_ITS,Sputum_042512_A,Eukarya;Fungi_Ascomycota;Dothideomycetes;Dothideales;Dothioraceae;Aureobasidium;pullulans,3
DAH_CF_ITS,Sputum_042512_A,Eukarya;Fungi_Ascomycota;Dothideomycetes;Pleosporales;Family_NA;Phoma,2
DAH_CF_ITS,Sputum_042512_A,Eukarya;Fungi_Ascomycota;Dothideomycetes;Pleosporales;Phaeosphaeriaceae;Phaeosphaeriopsis;sp_TMS_2011,8
DAH_CF_ITS,Sputum_042512_A,Eukarya;Fungi_Ascomycota;Eurotiomycetes;Eurotiales;Trichocomaceae;Aspergillus;niger,1
DAH_CF_ITS,Sputum_042512_A,Eukarya;Fungi_Ascomycota;Eurotiomycetes;Eurotiales;Trichocomaceae;Aspergillus;penicillioides,1
DAH_CF_ITS,Sputum_042512_A,Eukarya;Fungi_Ascomycota;Eurotiomycetes;Eurotiales;Trichocomaceae;Aspergillus;restrictus,3
DAH_CF_ITS,Sputum_042512_A,Eukarya;Fungi_Ascomycota;Eurotiomycetes;Eurotiales;Trichocomaceae;Penicillium;corylophilum,1
DAH_CF_ITS,Sputum_042512_A,Eukarya;Fungi_Ascomycota;Saccharomycetes;Saccharomycetales;Family_NA;Candida,1819
DAH_CF_ITS,Sputum_042512_A,Eukarya;Fungi_Ascomycota;Saccharomycetes;Saccharomycetales;Family_NA;Candida;africana,63
DAH_CF_ITS,Sputum_042512_A,Eukarya;Fungi_Ascomycota;Saccharomycetes;Saccharomycetales;Family_NA;Candida;albicans,18
DAH_CF_ITS,Sputum_042512_A,Eukarya;Fungi_Ascomycota;Saccharomycetes;Saccharomycetales;Family_NA;Candida;parapsilosis,1
DAH_CF_ITS,Sputum_042512_A,Eukarya;Fungi_Ascomycota;Saccharomycetes;Saccharomycetales;Saccharomycetaceae;Saccharomyces;cerevisiae,6
DAH_CF_ITS,Sputum_042512_A,Eukarya;Fungi_Ascomycota;Schizosaccharomycetes;Schizosaccharomycetales;Schizosaccharomycetaceae;Schizosaccharomyces;pombe,13
DAH_CF_ITS,Sputum_042512_A,Eukarya;Fungi_Ascomycota;Sordariomycetes;Hypocreales;Hypocreaceae;Trichoderma,6
DAH_CF_ITS,Sputum_042512_A,Eukarya;Fungi_Basidiomycota;Agaricomycetes;Agaricales;Lyophyllaceae;Termitomyces;unculturedTermitomyces,14
DAH_CF_ITS,Sputum_042512_A,Eukarya;Fungi_Basidiomycota;Class_NA,1
DAH_CF_ITS,Sputum_042512_A,Eukarya;Fungi_Basidiomycota;Class_NA;Malasseziales;Family_NA;Genus_NA,1
DAH_CF_ITS,Sputum_042512_A,Eukarya;Fungi_Basidiomycota;Class_NA;Malasseziales;Family_NA;Genus_NA;unculturedMalasseziales,72
DAH_CF_ITS,Sputum_042512_A,Eukarya;Fungi_Basidiomycota;Class_NA;Malasseziales;Family_NA;Malassezia;globosa,3
DAH_CF_ITS,Sputum_042512_A,Eukarya;Fungi_Basidiomycota;Class_NA;Malasseziales;Family_NA;Malassezia;sp_LCP_2008a,545
DAH_CF_ITS,Sputum_042512_A,Eukarya;Fungi_Basidiomycota;Class_NA;Order_NA;Family_NA;Genus_NA;unculturedBasidiomycota,455
DAH_CF_ITS,Sputum_042512_A,Eukarya;Fungi_Basidiomycota;Microbotryomycetes;Sporidiobolales;Family_NA;Rhodotorula,14
DAH_CF_ITS,Sputum_042512_A,Eukarya;Fungi_Basidiomycota;Microbotryomycetes;Sporidiobolales;Family_NA;Rhodotorula;mucilaginosa,15
DAH_CF_ITS,Sputum_042512_A,Eukarya;Fungi_Basidiomycota;Microbotryomycetes;Sporidiobolales;Family_NA;Rhodotorula;sp_LH23,3
DAH_CF_ITS,Sputum_042512_A,Eukarya;Fungi_Basidiomycota;Tremellomycetes;Order_NA;Family_NA;Genus_NA;unculturedTremellomycetes,6
DAH_CF_ITS,Sputum_042512_A,Eukarya;Fungi_Basidiomycota;Tremellomycetes;Tremellales;Family_NA;Genus_NA;unculturedTremellales,1
DAH_CF_ITS,Sputum_042512_A,Eukarya;Fungi_Basidiomycota;Tremellomycetes;Tremellales;Tremellaceae;Dioszegia;crocea,10
DAH_CF_ITS,Sputum_042512_A,Eukarya;Fungi_NA;Class_NA;Order_NA;Family_NA;Genus_NA,1
DAH_CF_ITS,Sputum_042512_A,Eukarya;Fungi_NA;Class_NA;Order_NA;Family_NA;Genus_NA;fungal_endophyte,2
DAH_CF_ITS,Sputum_042512_A,Eukarya;Fungi_NA;Class_NA;Order_NA;Family_NA;Genus_NA;fungal_sp_TRN172,3
DAH_CF_ITS,Sputum_042512_A,Eukarya;Fungi_NA;Class_NA;Order_NA;Family_NA;Genus_NA;unculturedendophytic_fungus,23
DAH_CF_ITS,Sputum_042512_A,Eukarya;Fungi_NA;Class_NA;Order_NA;Family_NA;Genus_NA;unculturedfungus,5408
DAH_CF_ITS,Sputum_042512_A,Eukarya;Fungi_NA;Class_NA;Order_NA;Family_NA;Genus_NA;unculturedsoil_fungus,1
DAH_CF_ITS,Sputum_042512_A,Unknown,582
DAH_CF_ITS,Sputum_042512_B,Eukarya,1193
DAH_CF_ITS,Sputum_042512_B,Eukarya;Fungi_Ascomycota,12
DAH_CF_ITS,Sputum_042512_B,Eukarya;Fungi_Ascomycota;Class_NA;Order_NA;Family_NA;Genus_NA;unculturedAscomycota,6
DAH_CF_ITS,Sputum_042512_B,Eukarya;Fungi_Ascomycota;Eurotiomycetes;Eurotiales;Trichocomaceae;Aspergillus;fumigatus,1430
DAH_CF_ITS,Sputum_042512_B,Eukarya;Fungi_Ascomycota;Saccharomycetes;Saccharomycetales;Family_NA;Candida,218
DAH_CF_ITS,Sputum_042512_B,Eukarya;Fungi_Ascomycota;Saccharomycetes;Saccharomycetales;Family_NA;Candida;albicans,953
DAH_CF_ITS,Sputum_042512_B,Eukarya;Fungi_Ascomycota;Saccharomycetes;Saccharomycetales;Family_NA;Candida;dubliniensis,903
DAH_CF_ITS,Sputum_042512_B,Eukarya;Fungi_Ascomycota;Saccharomycetes;Saccharomycetales;Family_NA;Candida;parapsilosis,8
DAH_CF_ITS,Sputum_042512_B,Eukarya;Fungi_Ascomycota;Saccharomycetes;Saccharomycetales;Pichiaceae;Hyphopichia;pseudoburtonii,51
DAH_CF_ITS,Sputum_042512_B,Eukarya;Fungi_Ascomycota;Schizosaccharomycetes;Schizosaccharomycetales;Schizosaccharomycetaceae;Schizosaccharomyces;pombe,129
DAH_CF_ITS,Sputum_042512_B,Eukarya;Fungi_Basidiomycota;Agaricomycetes;Polyporales;Family_NA;Genus_NA;fungal_sp_212g,1
DAH_CF_ITS,Sputum_042512_B,Eukarya;Fungi_Basidiomycota;Agaricomycetes;Polyporales;Meruliaceae;Mycoacia;nothofagi,1
DAH_CF_ITS,Sputum_042512_B,Eukarya;Fungi_Basidiomycota;Class_NA;Malasseziales;Family_NA;Genus_NA;unculturedMalasseziales,13
DAH_CF_ITS,Sputum_042512_B,Eukarya;Fungi_Basidiomycota;Class_NA;Malasseziales;Family_NA;Malassezia;sp_LCP_2008a,144
DAH_CF_ITS,Sputum_042512_B,Eukarya;Fungi_Basidiomycota;Class_NA;Order_NA;Family_NA;Genus_NA;Basidiomycota_sp_D3,65
DAH_CF_ITS,Sputum_042512_B,Eukarya;Fungi_Basidiomycota;Class_NA;Order_NA;Family_NA;Genus_NA;unculturedBasidiomycota,215
DAH_CF_ITS,Sputum_042512_B,Eukarya;Fungi_NA;Class_NA;Order_NA;Family_NA;Genus_NA;unculturedfungus,589
DAH_CF_ITS,Sputum_042512_B,Eukarya;Fungi_NA;Class_NA;Order_NA;Family_NA;Genus_NA;unculturedsoil_fungus,1
DAH_CF_ITS,Sputum_042512_B,Unknown,382
DAH_CF_ITS,Sputum_042512_C,Eukarya,113
DAH_CF_ITS,Sputum_042512_C,Eukarya;Fungi_Ascomycota,5
DAH_CF_ITS,Sputum_042512_C,Eukarya;Fungi_Ascomycota;Class_NA;Order_NA;Family_NA;Genus_NA;unculturedAscomycota,2
DAH_CF_ITS,Sputum_042512_C,Eukarya;Fungi_Ascomycota;Eurotiomycetes;Eurotiales;Trichocomaceae;Aspergillus,1
DAH_CF_ITS,Sputum_042512_C,Eukarya;Fungi_Ascomycota;Eurotiomycetes;Eurotiales;Trichocomaceae;Aspergillus;flavus,1
DAH_CF_ITS,Sputum_042512_C,Eukarya;Fungi_Ascomycota;Eurotiomycetes;Eurotiales;Trichocomaceae;Aspergillus;fumigatus,1559
DAH_CF_ITS,Sputum_042512_C,Eukarya;Fungi_Ascomycota;Eurotiomycetes;Eurotiales;Trichocomaceae;Neosartorya;hiratsukae,2
DAH_CF_ITS,Sputum_042512_C,Eukarya;Fungi_Ascomycota;Saccharomycetes;Saccharomycetales;Family_NA;Candida,636
DAH_CF_ITS,Sputum_042512_C,Eukarya;Fungi_Ascomycota;Saccharomycetes;Saccharomycetales;Family_NA;Candida;africana,4
DAH_CF_ITS,Sputum_042512_C,Eukarya;Fungi_Ascomycota;Saccharomycetes;Saccharomycetales;Family_NA;Candida;albicans,94
DAH_CF_ITS,Sputum_042512_C,Eukarya;Fungi_Ascomycota;Saccharomycetes;Saccharomycetales;Family_NA;Candida;dubliniensis,812
DAH_CF_ITS,Sputum_042512_C,Eukarya;Fungi_Ascomycota;Saccharomycetes;Saccharomycetales;Family_NA;Candida;parapsilosis,299
DAH_CF_ITS,Sputum_042512_C,Eukarya;Fungi_Ascomycota;Saccharomycetes;Saccharomycetales;Pichiaceae;Hyphopichia;pseudoburtonii,4
DAH_CF_ITS,Sputum_042512_C,Eukarya;Fungi_Ascomycota;Saccharomycetes;Saccharomycetales;Saccharomycetaceae;Saccharomyces;cerevisiae,5
DAH_CF_ITS,Sputum_042512_C,Eukarya;Fungi_Ascomycota;Schizosaccharomycetes;Schizosaccharomycetales;Schizosaccharomycetaceae;Schizosaccharomyces;pombe,77
DAH_CF_ITS,Sputum_042512_C,Eukarya;Fungi_Basidiomycota;Agaricomycetes;Agaricales;Marasmiaceae;Marasmius;aukubae,4
DAH_CF_ITS,Sputum_042512_C,Eukarya;Fungi_Basidiomycota;Agaricomycetes;Hymenochaetales;Schizoporaceae;Hyphodontia;aspera,3
DAH_CF_ITS,Sputum_042512_C,Eukarya;Fungi_Basidiomycota;Agaricomycetes;Polyporales;Ganodermataceae;Genus_NA;unculturedGanoderma,6
DAH_CF_ITS,Sputum_042512_C,Eukarya;Fungi_Basidiomycota;Class_NA;Malasseziales;Family_NA;Genus_NA;unculturedMalasseziales,61
DAH_CF_ITS,Sputum_042512_C,Eukarya;Fungi_Basidiomycota;Class_NA;Malasseziales;Family_NA;Malassezia;sp_LCP_2008a,214
DAH_CF_ITS,Sputum_042512_C,Eukarya;Fungi_Basidiomycota;Class_NA;Order_NA;Family_NA;Genus_NA;unculturedBasidiomycota,201
DAH_CF_ITS,Sputum_042512_C,Eukarya;Fungi_Basidiomycota;Exobasidiomycetes;Order_NA;Family_NA;Genus_NA;Exobasidiomycetidae_sp_IBL_03150,2
DAH_CF_ITS,Sputum_042512_C,Eukarya;Fungi_Basidiomycota;Microbotryomycetes;Sporidiobolales;Family_NA;Rhodotorula;mucilaginosa,9
DAH_CF_ITS,Sputum_042512_C,Eukarya;Fungi_Basidiomycota;Wallemiomycetes;Wallemiales;Wallemiaceae;Wallemia;sebi,1716
DAH_CF_ITS,Sputum_042512_C,Eukarya;Fungi_Basidiomycota;Wallemiomycetes;Wallemiales;Wallemiaceae;Wallemia;sp_BF036,1
DAH_CF_ITS,Sputum_042512_C,Eukarya;Fungi_NA;Class_NA;Order_NA;Family_NA;Genus_NA;fungal_endophyte,2
DAH_CF_ITS,Sputum_042512_C,Eukarya;Fungi_NA;Class_NA;Order_NA;Family_NA;Genus_NA;fungal_endophyte_sp_M1_3121,9
DAH_CF_ITS,Sputum_042512_C,Eukarya;Fungi_NA;Class_NA;Order_NA;Family_NA;Genus_NA;unculturedcompost_fungus,4
DAH_CF_ITS,Sputum_042512_C,Eukarya;Fungi_NA;Class_NA;Order_NA;Family_NA;Genus_NA;unculturedfungus,1281
DAH_CF_ITS,Sputum_042512_C,Unknown,30
DAH_CF_ITS,Sputum_042512_D,Eukarya,85
DAH_CF_ITS,Sputum_042512_D,Eukarya;Fungi_Ascomycota;Class_NA;Order_NA;Family_NA;Genus_NA;unculturedAscomycota,1
DAH_CF_ITS,Sputum_042512_D,Eukarya;Fungi_Ascomycota;Dothideomycetes;Pleosporales;Family_NA;Phoma;plurivora,1
DAH_CF_ITS,Sputum_042512_D,Eukarya;Fungi_Ascomycota;Leotiomycetes;Helotiales;Dermateaceae;Mollisia;incrustata,1
DAH_CF_ITS,Sputum_042512_D,Eukarya;Fungi_Ascomycota;Saccharomycetes;Saccharomycetales;Family_NA;Candida,236
DAH_CF_ITS,Sputum_042512_D,Eukarya;Fungi_Ascomycota;Saccharomycetes;Saccharomycetales;Family_NA;Candida;albicans,17140
DAH_CF_ITS,Sputum_042512_D,Eukarya;Fungi_Ascomycota;Saccharomycetes;Saccharomycetales;Family_NA;Candida;parapsilosis,1
DAH_CF_ITS,Sputum_042512_D,Eukarya;Fungi_Ascomycota;Saccharomycetes;Saccharomycetales;Saccharomycetaceae;Saccharomyces;cerevisiae,9
DAH_CF_ITS,Sputum_042512_D,Eukarya;Fungi_Ascomycota;Schizosaccharomycetes;Schizosaccharomycetales;Schizosaccharomycetaceae;Schizosaccharomyces;pombe,1452
DAH_CF_ITS,Sputum_042512_D,Eukarya;Fungi_Basidiomycota;Class_NA;Malasseziales;Family_NA;Genus_NA;unculturedMalasseziales,6
DAH_CF_ITS,Sputum_042512_D,Eukarya;Fungi_Basidiomycota;Class_NA;Malasseziales;Family_NA;Malassezia;sp_LCP_2008a,23
DAH_CF_ITS,Sputum_042512_D,Eukarya;Fungi_Basidiomycota;Class_NA;Order_NA;Family_NA;Genus_NA;unculturedBasidiomycota,43
DAH_CF_ITS,Sputum_042512_D,Eukarya;Fungi_Basidiomycota;Microbotryomycetes;Sporidiobolales;Family_NA;Rhodotorula;mucilaginosa,1
DAH_CF_ITS,Sputum_042512_D,Eukarya;Fungi_NA;Class_NA;Order_NA;Family_NA;Genus_NA;fungal_endophyte,1
DAH_CF_ITS,Sputum_042512_D,Eukarya;Fungi_NA;Class_NA;Order_NA;Family_NA;Genus_NA;unculturedfungus,547
DAH_CF_ITS,Sputum_042512_D,Unknown,5
